Guid,AccountId,LastName,FirstName,Salutation,OtherStreet,OtherCity,OtherState,OtherPostalCode,OtherCountry,OtherLatitude,OtherLongitude,OtherGeocodeAccuracy,MailingStreet,MailingCity,MailingState,MailingPostalCode,MailingCountry,MailingLatitude,MailingLongitude,MailingGeocodeAccuracy,Phone,Fax,MobilePhone,HomePhone,OtherPhone,AssistantPhone,Email,Title,Department,AssistantName,LeadSource,Birthdate,Description,EmailBouncedReason,EmailBouncedDate,Jigsaw,ContactSource,TitleType,DepartmentGroup,BuyerAttributes
068a9c3d-1e88-494c-8ab1-1c20f957e7b5,91c854bf-b0f4-4d91-a2d4-df637d0a286c,Tomlin,Leanne,#N/A,#N/A,#N/A,#N/A,#N/A,#N/A,#N/A,#N/A,#N/A,10 Main Rd.,New York,NY,31349,USA,#N/A,#N/A,#N/A,(212) 555-5555,(212) 555-5555,#N/A,#N/A,#N/A,#N/A,info@salesforce.com,VP Customer Support,#N/A,#N/A,#N/A,#N/A,#N/A,#N/A,#N/A,#N/A,#N/A,#N/A,#N/A,#N/A
141dc629-06a1-4346-8434-d799308284e8,58027dee-d760-40e7-8cf9-06a2787ebd31,August,July,Ms.,#N/A,#N/A,#N/A,#N/A,#N/A,#N/A,#N/A,#N/A,#N/A,#N/A,#N/A,#N/A,#N/A,#N/A,#N/A,#N/A,+18001234567,#N/A,#N/A,#N/A,#N/A,#N/A,#N/A,#N/A,#N/A,#N/A,#N/A,#N/A,#N/A,#N/A,#N/A,#N/A,#N/A,#N/A,#N/A,#N/A
1cbdb485-5318-466e-9a71-2dbe0ab4b616,58027dee-d760-40e7-8cf9-06a2787ebd31,Bean,William,Mr.,#N/A,#N/A,#N/A,#N/A,#N/A,#N/A,#N/A,#N/A,#N/A,#N/A,#N/A,#N/A,#N/A,#N/A,#N/A,#N/A,+15553332211,#N/A,#N/A,#N/A,#N/A,#N/A,#N/A,#N/A,#N/A,#N/A,#N/A,#N/A,#N/A,#N/A,#N/A,#N/A,#N/A,#N/A,#N/A,#N/A
4b422957-32bc-4c3f-8a3e-426a1abf4ec7,91c854bf-b0f4-4d91-a2d4-df637d0a286c,Jones,Howard,#N/A,#N/A,#N/A,#N/A,#N/A,#N/A,#N/A,#N/A,#N/A,10 Main Rd.,New York,NY,31349,USA,#N/A,#N/A,#N/A,(212) 555-5555,(212) 555-5555,#N/A,#N/A,#N/A,#N/A,info@salesforce.com,Buyer,#N/A,#N/A,#N/A,#N/A,#N/A,#N/A,#N/A,#N/A,#N/A,#N/A,#N/A,#N/A
69a99181-e131-4b59-abaf-1b271523025e,bd5f4b9c-a227-4a30-b11b-ddd03618e485,Benioff,Marc,Mr.,"The Landmark @ One Market, Suite 300",San Francisco,CA,94105,USA,#N/A,#N/A,#N/A,"The Landmark @ One Market, Suite 300",San Francisco,CA,94105,USA,#N/A,#N/A,#N/A,(415) 901-7000,(415) 901-7040,#N/A,#N/A,#N/A,#N/A,info@salesforce.com,Executive Officer,#N/A,#N/A,#N/A,#N/A,#N/A,#N/A,#N/A,#N/A,#N/A,#N/A,#N/A,#N/A
9c8821d5-4586-469c-a4a1-3958d08556cf,80f858df-d562-45aa-aa78-4f7d48538e9c,Amos,Jon,#N/A,#N/A,#N/A,#N/A,#N/A,#N/A,#N/A,#N/A,#N/A,150 Chestnut Street,Toronto,Ontario,L4B 1Y3,Canada,#N/A,#N/A,#N/A,(905) 555-1212,(555) 555-1212,#N/A,#N/A,#N/A,#N/A,info@salesforce.com,Sales Manager,#N/A,#N/A,#N/A,#N/A,#N/A,#N/A,#N/A,#N/A,#N/A,#N/A,#N/A,#N/A
abbebf65-7a80-4781-847e-91ae1f1c64d0,80f858df-d562-45aa-aa78-4f7d48538e9c,Minor,Geoff,#N/A,150 Chestnut Street,Toronto,Ontario,L4B 1Y3,Canada,#N/A,#N/A,#N/A,150 Chestnut Street,Toronto,Ontario,L4B 1Y3,Canada,#N/A,#N/A,#N/A,(415) 555-1212,#N/A,#N/A,#N/A,#N/A,#N/A,info@salesforce.com,President,#N/A,#N/A,#N/A,#N/A,#N/A,#N/A,#N/A,#N/A,#N/A,#N/A,#N/A,#N/A
adb8966e-e8bf-466a-b7ea-5831bc3cc6f3,91c854bf-b0f4-4d91-a2d4-df637d0a286c,Stamos,Edward,#N/A,10 Main Rd.,New York City,NY,31349,USA,#N/A,#N/A,#N/A,10 Main Rd.,New York City,NY,31349,USA,#N/A,#N/A,#N/A,(212) 555-5555,(212) 555-5555,#N/A,#N/A,#N/A,#N/A,info@salesforce.com,President and CEO,#N/A,#N/A,#N/A,#N/A,#N/A,#N/A,#N/A,#N/A,#N/A,#N/A,#N/A,#N/A
b1941a57-ef05-485d-9950-bd7bf350482a,80f858df-d562-45aa-aa78-4f7d48538e9c,White,Carole,#N/A,#N/A,#N/A,#N/A,#N/A,#N/A,#N/A,#N/A,#N/A,150 Chestnut Street,Toronto,Ontario,L4B 1Y3,Canada,#N/A,#N/A,#N/A,(415) 555-1212,#N/A,#N/A,#N/A,#N/A,#N/A,info@salesforce.com,VP Sales,#N/A,#N/A,Employee Referral,#N/A,#N/A,#N/A,#N/A,#N/A,#N/A,#N/A,#N/A,#N/A
b4d54236-01dc-461f-bdcd-fc87287fe8b4,d6b6b0ba-a10b-4039-bf77-da1f536a0a61,Love,#N/A,Dr.,#N/A,#N/A,#N/A,#N/A,#N/A,#N/A,#N/A,#N/A,#N/A,#N/A,#N/A,#N/A,#N/A,#N/A,#N/A,#N/A,+15556666666,#N/A,#N/A,#N/A,#N/A,#N/A,#N/A,#N/A,#N/A,#N/A,#N/A,#N/A,#N/A,#N/A,#N/A,#N/A,#N/A,#N/A,#N/A,#N/A
e0ab117a-8082-4d82-ad5e-2e322f08f198,58027dee-d760-40e7-8cf9-06a2787ebd31,Love,#N/A,Dr.,#N/A,#N/A,#N/A,#N/A,#N/A,#N/A,#N/A,#N/A,#N/A,#N/A,#N/A,#N/A,#N/A,#N/A,#N/A,#N/A,+15559379992,#N/A,#N/A,#N/A,#N/A,#N/A,#N/A,#N/A,#N/A,#N/A,#N/A,#N/A,#N/A,#N/A,#N/A,#N/A,#N/A,#N/A,#N/A,#N/A
eaba6bd5-b93e-4b2d-8c44-621cb9abd400,58027dee-d760-40e7-8cf9-06a2787ebd31,Bean,Elizabeth,Mrs.,#N/A,#N/A,#N/A,#N/A,#N/A,#N/A,#N/A,#N/A,#N/A,#N/A,#N/A,#N/A,#N/A,#N/A,#N/A,#N/A,+15551112233,#N/A,#N/A,#N/A,#N/A,#N/A,#N/A,#N/A,#N/A,#N/A,#N/A,#N/A,#N/A,#N/A,#N/A,#N/A,#N/A,#N/A,#N/A,#N/A
f3101d81-e1f0-4450-ba5a-a1934524afdb,58027dee-d760-40e7-8cf9-06a2787ebd31,Rybalkin,Maksim,Mr.,#N/A,#N/A,#N/A,#N/A,#N/A,#N/A,#N/A,#N/A,#N/A,#N/A,#N/A,#N/A,#N/A,#N/A,#N/A,#N/A,+37455616983,#N/A,#N/A,#N/A,#N/A,#N/A,#N/A,#N/A,#N/A,#N/A,#N/A,#N/A,#N/A,#N/A,#N/A,#N/A,#N/A,#N/A,#N/A,#N/A
