Guid,Name,CreatedDate,LastModifiedDate,ProductClassificationId,AttributeDefinitionId,AttributeCategoryId,Description,ValueDescription,HelpText,IsHidden,IsReadOnly,IsRequired,Status,Sequence,AttributeNameOverride,DefaultValue,DisplayType,IsPriceImpacting,MinimumValue,MaximumValue,MinimumCharacterCount,MaximumCharacterCount,StepValue,OverriddenInheritedAttributeId
0614c6dd-e88c-47ad-ba6c-3ae284246281,Tablet Display Size,2026-02-17T13:32:07.000+0000,2026-02-17T13:32:07.000+0000,aa37c8d1-0ab2-4086-9c24-9b30f58be090,eeee35ca-ecaa-465e-aae2-919f9513da65,ac14dbb6-9298-44b0-b534-66c4efb54231,#N/A,#N/A,#N/A,false,false,false,Active,#N/A,Tablet Display Size,15 inch,#N/A,false,#N/A,#N/A,#N/A,#N/A,#N/A,#N/A
064c4a88-ec42-47f1-ba4c-1023a0631fed,POS Code,2026-02-10T12:05:25.000+0000,2026-02-10T12:05:25.000+0000,df1aa654-2a3f-469f-b654-0ae0d2ae8575,aa40a20e-44b3-4319-b2d3-8452427266fe,#N/A,#N/A,#N/A,#N/A,false,false,false,Active,0,POS Code,#N/A,#N/A,false,#N/A,#N/A,#N/A,#N/A,#N/A,#N/A
089fa8ea-8b96-4e3b-989c-2e5fdae542d5,Graphics,2026-02-10T12:05:25.000+0000,2026-02-10T12:05:25.000+0000,557e998d-ed07-4316-ba13-cd3aa31095fd,e21dfbb8-092b-48ee-8b1a-f251d74feb89,536b9245-7733-4035-9ed2-4bcf26038140,#N/A,#N/A,#N/A,false,false,false,Active,#N/A,Graphics,#N/A,#N/A,false,#N/A,#N/A,#N/A,#N/A,#N/A,#N/A
191dc33e-002c-4d97-9d81-95a1f29fe9d8,Region,2026-02-10T12:05:25.000+0000,2026-02-10T12:05:25.000+0000,d55929e8-cb58-4930-822e-88a005411e2f,50a10d5b-7efa-486e-bf11-5b0f2ab02941,#N/A,#N/A,#N/A,#N/A,false,false,false,Active,0,Region,South,#N/A,false,#N/A,#N/A,#N/A,#N/A,#N/A,#N/A
29097e31-d43f-4a17-8e2d-28651edf10d1,Powder Weight,2026-02-10T12:05:25.000+0000,2026-02-10T12:05:25.000+0000,3b6a92a1-44e0-4c2b-9228-55561f70fd7e,2bb8d43c-3b8d-45e0-ba95-b1fe1842102f,bbbd3f24-388c-42e3-ac16-3131542fbb60,#N/A,#N/A,#N/A,false,false,false,Active,#N/A,Powder Weight,#N/A,#N/A,false,#N/A,#N/A,#N/A,#N/A,#N/A,#N/A
3176cb49-8867-49ef-91dc-90d96f4042bc,Register,2026-02-10T12:05:25.000+0000,2026-02-10T12:05:25.000+0000,bf8b1b5b-e68b-4d11-827c-049c4173caba,6841f8d9-b7ce-4788-803b-b77458d42858,#N/A,#N/A,#N/A,#N/A,false,false,false,Active,0,Register,#N/A,#N/A,false,#N/A,#N/A,#N/A,#N/A,#N/A,#N/A
35f9c078-22d5-476c-b58d-699633c32f0b,Memory,2026-02-10T12:05:25.000+0000,2026-02-10T12:05:25.000+0000,557e998d-ed07-4316-ba13-cd3aa31095fd,b0270c39-0ec0-430f-943c-cd4b1655b942,f3e117e2-e279-4e10-b140-e0d09f7b534a,#N/A,#N/A,#N/A,false,false,true,Active,#N/A,Memory,RAM 32GB,#N/A,false,#N/A,#N/A,#N/A,#N/A,#N/A,#N/A
416f2945-df71-4eaa-a7ad-afea74842707,Register,2026-02-10T12:05:25.000+0000,2026-02-10T12:05:25.000+0000,f100f0ff-0364-45b4-8e92-355e4d2e9096,6841f8d9-b7ce-4788-803b-b77458d42858,#N/A,#N/A,#N/A,#N/A,false,false,false,Active,0,Register,#N/A,#N/A,false,#N/A,#N/A,#N/A,#N/A,#N/A,#N/A
557768b8-b4e7-476c-8926-edd278a560e8,Support Level,2026-02-10T12:05:25.000+0000,2026-02-10T12:05:25.000+0000,12818a72-b651-41ce-a67a-a66bbb548695,91c956ef-1d6c-4ef2-ac69-ecbc5fddc401,c158eb75-1151-425b-baba-4b6a9f93a47f,#N/A,#N/A,#N/A,false,false,false,Active,#N/A,Support Level,Premium Support,#N/A,false,#N/A,#N/A,#N/A,#N/A,#N/A,#N/A
6398b880-696b-4241-8d3e-878e913433c9,Wireless,2026-02-10T12:05:25.000+0000,2026-02-10T12:05:25.000+0000,4c515201-7a8c-4a94-af12-7e5cec5e0635,e61dd229-975a-44ca-a142-3f69c898b9f8,508ef492-7316-42f6-86df-2bfae0f37e8a,#N/A,#N/A,#N/A,false,false,false,Active,#N/A,Wireless,FALSE,#N/A,false,#N/A,#N/A,#N/A,#N/A,#N/A,#N/A
6aee01f8-a62b-4e72-bbb1-6e6f5352d28c,Storage,2026-02-10T12:05:25.000+0000,2026-02-10T12:05:25.000+0000,4225fc25-043d-4d6e-a3a4-1a061051403c,f35b0ab6-410c-4ce9-820f-0fc277d47652,387a4b86-69c5-4531-91b9-cbc22d0381e2,#N/A,#N/A,#N/A,false,false,true,Active,#N/A,Storage,#N/A,#N/A,false,#N/A,#N/A,#N/A,#N/A,#N/A,#N/A
6cc83de1-8736-47f6-a113-b130cb3e65c1,Screen Size,2026-02-10T12:05:25.000+0000,2026-02-10T12:05:25.000+0000,244948a0-4dd5-4a95-a7d9-0329ec4f14ab,bcc30a1f-7114-4ae1-975c-afc34ad7b635,e2e3acc2-f50b-488c-81ab-b61fae4889c6,#N/A,#N/A,#N/A,false,false,true,Active,#N/A,Screen Size,#N/A,#N/A,false,#N/A,#N/A,#N/A,#N/A,#N/A,#N/A
79fa0112-5180-48c9-9b03-3a7659b2c7ce,Register Type,2026-02-10T12:05:25.000+0000,2026-02-10T12:05:25.000+0000,d55929e8-cb58-4930-822e-88a005411e2f,4eeb893e-42a0-4bc6-9dac-4af9881b9402,d07c89ca-42a3-49c3-aa16-de6dbd7c2046,#N/A,#N/A,#N/A,false,false,true,Active,0,Register Type,Cash & Card,#N/A,false,#N/A,#N/A,#N/A,#N/A,#N/A,#N/A
7d90ff23-4b30-4c33-90ff-06d83f1ebad8,Tablet Color,2026-02-17T13:32:07.000+0000,2026-02-17T13:32:42.000+0000,aa37c8d1-0ab2-4086-9c24-9b30f58be090,26db37f1-1d79-4402-aea2-a24412c5ec7e,ac14dbb6-9298-44b0-b534-66c4efb54231,#N/A,#N/A,#N/A,false,false,true,Active,#N/A,Tablet Color,White,#N/A,false,#N/A,#N/A,#N/A,#N/A,#N/A,#N/A
83b3ffc8-f620-4331-8833-fce9a99497e4,Wireless,2026-02-10T12:05:25.000+0000,2026-02-10T12:05:25.000+0000,b4a2759d-18b9-4a34-bab4-40c30d20a955,e61dd229-975a-44ca-a142-3f69c898b9f8,508ef492-7316-42f6-86df-2bfae0f37e8a,#N/A,#N/A,#N/A,false,false,false,Active,#N/A,Wireless,FALSE,#N/A,false,#N/A,#N/A,#N/A,#N/A,#N/A,#N/A
84444603-a4ac-411a-b976-ba9c6102f37c,Shipper,2026-02-10T12:05:25.000+0000,2026-02-10T12:05:25.000+0000,0b526658-2c61-4a32-9cac-f6204720d700,f9c371e8-4921-4d27-b63f-2c062083075e,#N/A,#N/A,#N/A,#N/A,false,false,false,Active,0,Shipper,#N/A,#N/A,false,#N/A,#N/A,#N/A,#N/A,#N/A,#N/A
88c9407b-811b-439e-a0dd-c79f3293476e,Advance Ecommerce,2026-02-10T12:05:25.000+0000,2026-02-10T12:05:25.000+0000,f62c34e3-efa0-40ea-be96-91e7e48ad123,bfbf979d-9953-4d4d-982a-5a557d3c7a86,#N/A,#N/A,#N/A,#N/A,false,false,false,Active,0,Advance Ecommerce,false,#N/A,false,#N/A,#N/A,#N/A,#N/A,#N/A,#N/A
960c24ae-14d6-4374-8c76-5345938e54d6,POS Type,2026-02-10T12:05:25.000+0000,2026-02-10T12:05:25.000+0000,ad3fbdda-1741-4225-9e17-60031d75b21d,8123ec54-0b9f-4596-b3f1-4bcdf2ce17a8,#N/A,#N/A,#N/A,#N/A,false,false,false,Active,0,POS Type,Multichannel POS,#N/A,false,#N/A,#N/A,#N/A,#N/A,#N/A,#N/A
9f5e8035-52a4-4b2f-bd4c-320654189165,Screen Size,2026-02-10T12:05:25.000+0000,2026-02-10T12:05:25.000+0000,557e998d-ed07-4316-ba13-cd3aa31095fd,bcc30a1f-7114-4ae1-975c-afc34ad7b635,e2e3acc2-f50b-488c-81ab-b61fae4889c6,#N/A,#N/A,#N/A,false,false,true,Active,#N/A,Screen Size,#N/A,#N/A,false,#N/A,#N/A,#N/A,#N/A,#N/A,#N/A
a4d50b8d-14e2-4687-838e-089036945b66,Scanner,2026-02-10T12:05:25.000+0000,2026-02-10T12:05:25.000+0000,bf8b1b5b-e68b-4d11-827c-049c4173caba,9cb179b2-d597-4545-b77f-d7dd99877ed2,#N/A,#N/A,#N/A,#N/A,false,false,false,Active,0,Scanner,#N/A,#N/A,false,#N/A,#N/A,#N/A,#N/A,#N/A,#N/A
a8398d96-8b24-48e5-8452-f438102e887f,Storage,2026-02-10T12:05:25.000+0000,2026-02-10T12:05:25.000+0000,557e998d-ed07-4316-ba13-cd3aa31095fd,f35b0ab6-410c-4ce9-820f-0fc277d47652,387a4b86-69c5-4531-91b9-cbc22d0381e2,#N/A,#N/A,#N/A,false,false,true,Active,#N/A,Storage,#N/A,#N/A,false,#N/A,#N/A,#N/A,#N/A,#N/A,#N/A
bda30729-a9de-4bbd-b2a2-a34a4bbaee75,Paste Ratio,2026-02-10T12:05:25.000+0000,2026-02-10T12:05:25.000+0000,a1790289-b1a1-4a51-b7e5-7d74b8ed2509,dfbac1c0-9ff8-4ba7-a1e0-85962fd7c69a,#N/A,#N/A,#N/A,#N/A,false,false,false,Active,#N/A,Paste Ratio,#N/A,#N/A,false,#N/A,#N/A,#N/A,#N/A,#N/A,#N/A
c0570e80-5cbe-479b-b6cc-317b53f5adf4,Tablet Storage Size,2026-02-17T13:35:16.000+0000,2026-02-17T13:36:17.000+0000,2fb23a0f-c951-456d-8520-4b21b10151e7,d1b4e473-c3e8-4ac0-83b3-321964ae711a,217a32af-843b-44a7-aef5-ed3c6454541f,#N/A,#N/A,#N/A,false,false,true,Active,#N/A,Tablet Storage Size,128GB,#N/A,true,#N/A,#N/A,#N/A,#N/A,#N/A,#N/A
c1186323-5f72-4b0f-9952-d3388e6e7f93,Printer Type,2026-02-10T12:05:25.000+0000,2026-02-10T12:05:25.000+0000,9de0b755-5a86-4c08-9092-11689eb699ff,98c4bf43-ad96-4835-9ac4-0ce5dd19b953,30092814-01b2-45ec-9f1b-a7f9c9edd622,#N/A,#N/A,#N/A,false,false,false,Active,#N/A,Printer Type,#N/A,#N/A,false,#N/A,#N/A,#N/A,#N/A,#N/A,#N/A
c192b642-e51c-4d7d-9328-a295a7f5a16f,Powder Weight,2026-02-10T12:05:25.000+0000,2026-02-10T12:05:25.000+0000,57e5a9fc-8078-4d1a-95d3-5740bced7fab,2bb8d43c-3b8d-45e0-ba95-b1fe1842102f,bbbd3f24-388c-42e3-ac16-3131542fbb60,#N/A,#N/A,#N/A,false,false,false,Active,#N/A,Powder Weight,#N/A,#N/A,false,#N/A,#N/A,#N/A,#N/A,#N/A,#N/A
c8b3628a-f66b-49ae-a474-58f74fcfb356,Scanner Type,2026-02-10T12:05:25.000+0000,2026-02-10T12:05:25.000+0000,2b7f62f5-6c3f-4cfe-ae5a-b5a9b76a57d5,fbce6533-045a-4753-bcfa-5b8acf0f3c66,#N/A,#N/A,#N/A,#N/A,false,false,false,Active,0,Scanner Type,Handheld,#N/A,false,#N/A,#N/A,#N/A,#N/A,#N/A,#N/A
cd64b5e1-0469-47f8-856f-182a6ddc6430,Display,2026-02-10T12:05:25.000+0000,2026-02-10T12:05:25.000+0000,557e998d-ed07-4316-ba13-cd3aa31095fd,4a55838e-908c-4574-bf4e-99df39843039,e2e3acc2-f50b-488c-81ab-b61fae4889c6,#N/A,#N/A,#N/A,false,false,true,Active,#N/A,Display,1080p Built-in Display,#N/A,false,#N/A,#N/A,#N/A,#N/A,#N/A,#N/A
d07ac110-681c-4bcc-969e-ee2d834af189,ECOM Code,2026-02-10T12:05:25.000+0000,2026-02-10T12:05:25.000+0000,df1aa654-2a3f-469f-b654-0ae0d2ae8575,0f2c7076-7ed9-4f1d-a8d0-a86b18faf8a8,#N/A,#N/A,#N/A,#N/A,false,false,false,Active,0,ECOM Code,#N/A,#N/A,false,#N/A,#N/A,#N/A,#N/A,#N/A,#N/A
dcfb974c-4293-49ff-ad12-3f29a8adb415,Paper Size,2026-02-10T12:05:25.000+0000,2026-02-10T12:05:25.000+0000,dc98a78f-43e6-4c90-90fc-03009fd7cbdd,a3f8adaf-32d0-46ea-bfee-a1c7fb4314c6,48189a3e-e9a3-40de-8173-f04ce9311566,#N/A,#N/A,#N/A,false,false,false,Active,#N/A,Paper Size,#N/A,#N/A,false,#N/A,#N/A,#N/A,#N/A,#N/A,#N/A
e38edcab-37b8-447e-bb30-79f1e79903fd,Gel Quantity,2026-02-10T12:05:25.000+0000,2026-02-10T12:05:25.000+0000,57e5a9fc-8078-4d1a-95d3-5740bced7fab,681006dc-c515-48eb-9870-28ced456572e,bbbd3f24-388c-42e3-ac16-3131542fbb60,#N/A,#N/A,#N/A,false,false,false,Active,#N/A,Gel Quantity,#N/A,#N/A,false,#N/A,#N/A,#N/A,#N/A,#N/A,#N/A
eb800aaa-4daf-43cb-9b85-c748dc9aadd6,Training,2026-02-10T12:05:25.000+0000,2026-02-10T12:05:25.000+0000,23478211-255a-4375-a29a-3eb7d9c35819,1bfda2cd-c2aa-41ba-8698-f1a4aa2c0b58,3377021d-949d-4adf-b3db-9cc1e095464c,#N/A,#N/A,#N/A,false,false,false,Active,#N/A,Training,#N/A,#N/A,false,#N/A,#N/A,#N/A,#N/A,#N/A,#N/A
ef62e769-a23f-4b71-a6b5-9cf945c5457f,SIM Type,2026-02-17T13:33:19.000+0000,2026-02-17T13:34:31.000+0000,aa37c8d1-0ab2-4086-9c24-9b30f58be090,a7162507-ebd1-422c-b8da-f52aa84acdab,#N/A,#N/A,#N/A,#N/A,false,false,true,Active,#N/A,SIM Type,eSIM,#N/A,true,#N/A,#N/A,#N/A,#N/A,#N/A,#N/A
f5ae4ff6-fe25-474d-aaa7-f98c2a8281c2,Processor,2026-02-10T12:05:25.000+0000,2026-02-10T12:05:25.000+0000,557e998d-ed07-4316-ba13-cd3aa31095fd,8e8808a8-3bb1-4a6d-bea3-05cab09ba61c,1f96cce0-a685-4b70-ac92-7155244ce581,#N/A,#N/A,#N/A,false,false,true,Active,#N/A,Processor,i5-CPU 4.4GHz,#N/A,false,#N/A,#N/A,#N/A,#N/A,#N/A,#N/A
f7f31381-d066-48a0-8237-2a454033f11d,Scanner,2026-02-10T12:05:25.000+0000,2026-02-10T12:05:25.000+0000,f100f0ff-0364-45b4-8e92-355e4d2e9096,9cb179b2-d597-4545-b77f-d7dd99877ed2,#N/A,#N/A,#N/A,#N/A,false,false,false,Active,0,Scanner,#N/A,#N/A,false,#N/A,#N/A,#N/A,#N/A,#N/A,#N/A
fd7faacf-20a9-4c0c-b7e6-591abdee1c0b,Display,2026-02-10T12:05:25.000+0000,2026-02-10T12:05:25.000+0000,244948a0-4dd5-4a95-a7d9-0329ec4f14ab,4a55838e-908c-4574-bf4e-99df39843039,e2e3acc2-f50b-488c-81ab-b61fae4889c6,#N/A,#N/A,#N/A,false,false,true,Active,#N/A,Display,1080p Built-in Display,#N/A,false,#N/A,#N/A,#N/A,#N/A,#N/A,#N/A
06215a82-927d-4b93-ba16-2590c763b8ba,POS Type,2025-12-09T20:38:48.000+0000,2025-12-09T20:38:48.000+0000,9bb1b377-54d4-44e7-8cb6-a393ec3b8a21,3ab1e65f-e7cb-4b29-a0e1-49e79df780a9,#N/A,#N/A,#N/A,#N/A,false,false,false,Active,0,POS Type,Multichannel POS,#N/A,false,#N/A,#N/A,#N/A,#N/A,#N/A,#N/A
128c7adf-7687-491c-828a-d2d5534ba867,Shipper,2025-12-09T20:38:48.000+0000,2025-12-09T20:38:48.000+0000,fabac805-cf22-4901-a62f-a69d5f948e67,cbd93c48-ca30-40e6-8ccb-6e8df55e0310,#N/A,#N/A,#N/A,#N/A,false,false,false,Active,0,Shipper,#N/A,#N/A,false,#N/A,#N/A,#N/A,#N/A,#N/A,#N/A
12995b17-7256-4adc-bf7f-f278cd248a1f,Register,2025-12-09T20:38:48.000+0000,2025-12-09T20:38:48.000+0000,7799322a-53f8-478b-89cf-b945abe64de8,a012cc8b-8eac-4166-bc97-ee36591c885b,#N/A,#N/A,#N/A,#N/A,false,false,false,Active,0,Register,#N/A,#N/A,false,#N/A,#N/A,#N/A,#N/A,#N/A,#N/A
14079479-aa62-4117-93c8-94aa042b216b,Screen Size,2025-12-09T20:38:48.000+0000,2025-12-09T20:38:48.000+0000,394795fb-8035-4b60-9768-9199d5c6dd09,fd115acd-a6be-4ee8-b280-160bb9a9e1b8,6ca6f864-3cd3-45c7-9b35-6e8f3d8d8771,#N/A,#N/A,#N/A,false,false,true,Active,#N/A,Screen Size,#N/A,#N/A,false,#N/A,#N/A,#N/A,#N/A,#N/A,#N/A
16e84e22-21d4-42c3-a8af-4cf56c2ed6b9,Screen Size,2025-12-09T20:38:48.000+0000,2025-12-09T20:38:48.000+0000,aef23560-2196-48ca-81e3-d9b99ad98f74,fd115acd-a6be-4ee8-b280-160bb9a9e1b8,6ca6f864-3cd3-45c7-9b35-6e8f3d8d8771,#N/A,#N/A,#N/A,false,false,true,Active,#N/A,Screen Size,#N/A,#N/A,false,#N/A,#N/A,#N/A,#N/A,#N/A,#N/A
1acac13b-cb56-4905-a959-9595ff161447,Printer Type,2025-12-09T20:38:48.000+0000,2025-12-09T20:38:48.000+0000,b915e5a3-3dba-4b71-8553-71e02381abe9,35b0d7da-1393-4da0-a4b8-b7bada69118d,b5cb82b3-a3cf-4fe7-9c89-22170da4bdfd,#N/A,#N/A,#N/A,false,false,false,Active,#N/A,Printer Type,#N/A,#N/A,false,#N/A,#N/A,#N/A,#N/A,#N/A,#N/A
1b5bf805-675f-43ed-9357-9a365bb8f9d0,Display,2025-12-09T20:38:48.000+0000,2025-12-09T20:38:48.000+0000,394795fb-8035-4b60-9768-9199d5c6dd09,2794f0fb-d19e-4dc9-be55-1a7bfbaf0239,6ca6f864-3cd3-45c7-9b35-6e8f3d8d8771,#N/A,#N/A,#N/A,false,false,true,Active,#N/A,Display,1080p Built-in Display,#N/A,false,#N/A,#N/A,#N/A,#N/A,#N/A,#N/A
223a5fbd-24d0-4828-807f-aeddece8c15d,Region,2025-12-09T20:38:48.000+0000,2025-12-09T20:38:48.000+0000,20a7c158-e23b-422f-8cc6-b67e87afec05,840b02ed-68d8-438d-9fde-38e1ecf755a0,#N/A,#N/A,#N/A,#N/A,false,false,false,Active,0,Region,South,#N/A,false,#N/A,#N/A,#N/A,#N/A,#N/A,#N/A
2d300736-3f58-4646-92ce-21e403c46982,Memory,2025-12-09T20:38:48.000+0000,2025-12-09T20:38:48.000+0000,394795fb-8035-4b60-9768-9199d5c6dd09,a1afc784-e81a-4919-91de-188312242fdd,ca7ded9d-fc56-45ee-a9eb-666789de709b,#N/A,#N/A,#N/A,false,false,true,Active,#N/A,Memory,RAM 32GB,#N/A,false,#N/A,#N/A,#N/A,#N/A,#N/A,#N/A
50b593e2-f40b-4b90-9fbd-1b52af4321dc,Tablet Display Size,2025-12-10T15:26:01.000+0000,2025-12-10T15:26:01.000+0000,8cf8f778-14af-4d7d-936a-0ce08d92e458,05d5b583-8c76-4c76-b70a-40a0b7a73e2f,b5053a98-1c86-4553-b88e-8db8c4ee339e,#N/A,#N/A,#N/A,false,false,false,Active,#N/A,Tablet Display Size,15 inch,#N/A,false,#N/A,#N/A,#N/A,#N/A,#N/A,#N/A
59db6275-0fbf-4b03-abc5-a6334bea44cd,Storage,2025-12-09T20:38:48.000+0000,2025-12-09T20:38:48.000+0000,394795fb-8035-4b60-9768-9199d5c6dd09,0c42f68c-efb5-46ae-b54c-e6e44d881692,34eef450-ffe2-4831-bbae-e1e0173bc200,#N/A,#N/A,#N/A,false,false,true,Active,#N/A,Storage,#N/A,#N/A,false,#N/A,#N/A,#N/A,#N/A,#N/A,#N/A
5c85f6ac-2ed0-4e55-9908-bd4af57a9d07,Scanner,2025-12-09T20:38:48.000+0000,2025-12-09T20:38:48.000+0000,7799322a-53f8-478b-89cf-b945abe64de8,fe3f04c3-537b-4c5d-8c8e-301ee08e19a9,#N/A,#N/A,#N/A,#N/A,false,false,false,Active,0,Scanner,#N/A,#N/A,false,#N/A,#N/A,#N/A,#N/A,#N/A,#N/A
63b4e234-d66e-404b-952b-87722584e3b2,Paste Ratio,2025-12-09T20:38:48.000+0000,2025-12-09T20:38:48.000+0000,c18ab3d5-989c-4211-a474-7e53b8243604,5533223f-fd26-4b64-8018-460150acae1c,#N/A,#N/A,#N/A,#N/A,false,false,false,Active,#N/A,Paste Ratio,#N/A,#N/A,false,#N/A,#N/A,#N/A,#N/A,#N/A,#N/A
797aaeb0-779a-4a55-8bea-aa30ef81df88,Wireless,2025-12-09T20:38:48.000+0000,2025-12-09T20:38:48.000+0000,78596a97-2dd8-406e-b305-3ac9215eb297,7d44fb28-6d4c-42c8-a886-59917c517fee,13f3f269-b6ff-40aa-9e27-7a64bbd63f33,#N/A,#N/A,#N/A,false,false,false,Active,#N/A,Wireless,FALSE,#N/A,false,#N/A,#N/A,#N/A,#N/A,#N/A,#N/A
7ac462e2-d3c4-48cc-8619-9f533cad21a1,Advance Ecommerce,2025-12-09T20:38:48.000+0000,2025-12-09T20:38:48.000+0000,d703ed84-a1bd-4c10-98a1-1a64ce1cb25d,5acefe3d-26ee-4c9a-a1c4-be0006bab1df,#N/A,#N/A,#N/A,#N/A,false,false,false,Active,0,Advance Ecommerce,false,#N/A,false,#N/A,#N/A,#N/A,#N/A,#N/A,#N/A
7f0d5944-6812-4a68-8c91-81869b3551c6,Powder Weight,2025-12-09T20:38:48.000+0000,2025-12-09T20:38:48.000+0000,9e3d2da4-2e6c-448b-abcb-f0b6c6e7bb08,2eceef43-28ea-4a73-b528-9fb5b935936a,f5ea56c4-0d67-4d8c-8798-0ab659d21b0a,#N/A,#N/A,#N/A,false,false,false,Active,#N/A,Powder Weight,#N/A,#N/A,false,#N/A,#N/A,#N/A,#N/A,#N/A,#N/A
8578f9c7-976e-4927-9dda-b7464449d46b,Processor,2025-12-09T20:38:48.000+0000,2025-12-09T20:38:48.000+0000,394795fb-8035-4b60-9768-9199d5c6dd09,c02cdd40-6014-4d6a-8ee8-d2cc60b61feb,e61924b2-0cbf-40dc-a9ff-df309bc96605,#N/A,#N/A,#N/A,false,false,true,Active,#N/A,Processor,i5-CPU 4.4GHz,#N/A,false,#N/A,#N/A,#N/A,#N/A,#N/A,#N/A
85acc017-5e90-474a-867f-8d138f514298,Powder Weight,2025-12-09T20:38:48.000+0000,2025-12-09T20:38:48.000+0000,3c87e842-c30a-489b-bf18-1aa06b178a5a,2eceef43-28ea-4a73-b528-9fb5b935936a,f5ea56c4-0d67-4d8c-8798-0ab659d21b0a,#N/A,#N/A,#N/A,false,false,false,Active,#N/A,Powder Weight,#N/A,#N/A,false,#N/A,#N/A,#N/A,#N/A,#N/A,#N/A
89f2379e-ed9c-4594-ad86-75d37f893b31,TabletColor,2025-12-10T15:26:01.000+0000,2025-12-10T15:26:01.000+0000,8cf8f778-14af-4d7d-936a-0ce08d92e458,5f4c0de0-bc74-4d2a-a893-c031de69d766,b5053a98-1c86-4553-b88e-8db8c4ee339e,#N/A,#N/A,#N/A,false,false,true,Active,#N/A,TabletColor,White,#N/A,false,#N/A,#N/A,#N/A,#N/A,#N/A,#N/A
990f0ce5-7f8d-4073-bf98-c2ce827a9752,SIM Type,2025-12-10T15:26:24.000+0000,2025-12-10T15:27:29.000+0000,8cf8f778-14af-4d7d-936a-0ce08d92e458,50e017f9-0f4d-4ac2-a39a-6ad5e72ab338,#N/A,#N/A,#N/A,#N/A,false,false,true,Active,#N/A,SIM Type,eSIM,#N/A,true,#N/A,#N/A,#N/A,#N/A,#N/A,#N/A
a28e1a01-1f36-469e-b19e-a05112961d04,Support Level,2025-12-09T20:38:48.000+0000,2025-12-09T20:38:48.000+0000,6a6615df-bb14-4185-aaa6-63a68730df4b,b819a60e-8d41-4b93-b092-297e8fecfb80,435c3b73-87b2-4381-ae90-1c3a5cf6eeca,#N/A,#N/A,#N/A,false,false,false,Active,#N/A,Support Level,Premium Support,#N/A,false,#N/A,#N/A,#N/A,#N/A,#N/A,#N/A
a433f2f9-cb2d-4b96-a203-c85060964be2,Wireless,2025-12-09T20:38:48.000+0000,2025-12-09T20:38:48.000+0000,c7dbd207-5267-4e82-9d9d-aba408a7a07a,7d44fb28-6d4c-42c8-a886-59917c517fee,13f3f269-b6ff-40aa-9e27-7a64bbd63f33,#N/A,#N/A,#N/A,false,false,false,Active,#N/A,Wireless,FALSE,#N/A,false,#N/A,#N/A,#N/A,#N/A,#N/A,#N/A
a9e20f87-1cc9-438e-81b6-828e2f5f45cc,Register Type,2025-12-09T20:38:48.000+0000,2025-12-09T20:38:48.000+0000,20a7c158-e23b-422f-8cc6-b67e87afec05,a6a06566-685e-4e1c-8d2f-482951556854,d69c74a2-c089-4128-8c13-7c245943b913,#N/A,#N/A,#N/A,false,false,true,Active,0,Register Type,Cash & Card,#N/A,false,#N/A,#N/A,#N/A,#N/A,#N/A,#N/A
af974adb-2cc7-44ad-b1a9-b29fb4b30b3d,TabletStorageSize,2025-12-10T15:28:29.000+0000,2025-12-10T15:28:43.000+0000,b109e0bd-7c00-4af1-93f1-83d490afa0cb,2c81aa70-063e-4336-ba97-0450e0628bd9,7162edf3-f25c-453b-ac55-21689f49a3a9,#N/A,#N/A,#N/A,false,false,true,Active,#N/A,TabletStorageSize,128GB,#N/A,true,#N/A,#N/A,#N/A,#N/A,#N/A,#N/A
b3391753-56a3-462e-aa66-d75e2990f465,POS Code,2025-12-09T20:38:48.000+0000,2025-12-09T20:38:48.000+0000,cb492d70-7c44-4f07-a27c-a1907fc9adb1,dabca765-c2cd-4611-b6ee-1fbe7d483f8d,#N/A,#N/A,#N/A,#N/A,false,false,false,Active,0,POS Code,#N/A,#N/A,false,#N/A,#N/A,#N/A,#N/A,#N/A,#N/A
be732cb4-55d3-4b6b-9480-3145ea086158,Register,2025-12-09T20:38:48.000+0000,2025-12-09T20:38:48.000+0000,8ac89a24-a981-4ceb-83c2-14fa9baa105e,a012cc8b-8eac-4166-bc97-ee36591c885b,#N/A,#N/A,#N/A,#N/A,false,false,false,Active,0,Register,#N/A,#N/A,false,#N/A,#N/A,#N/A,#N/A,#N/A,#N/A
c4f864c7-e92a-44c2-b563-07386b7bd803,Display,2025-12-09T20:38:48.000+0000,2025-12-09T20:38:48.000+0000,aef23560-2196-48ca-81e3-d9b99ad98f74,2794f0fb-d19e-4dc9-be55-1a7bfbaf0239,6ca6f864-3cd3-45c7-9b35-6e8f3d8d8771,#N/A,#N/A,#N/A,false,false,true,Active,#N/A,Display,1080p Built-in Display,#N/A,false,#N/A,#N/A,#N/A,#N/A,#N/A,#N/A
cc4fc257-c19f-41ac-afd1-7e3502f9cf18,Graphics,2025-12-09T20:38:48.000+0000,2025-12-09T20:38:48.000+0000,394795fb-8035-4b60-9768-9199d5c6dd09,b670cee4-873d-41a8-aef0-d36977309cf0,aee32d0d-5679-4728-bf75-70ba71a1a54c,#N/A,#N/A,#N/A,false,false,false,Active,#N/A,Graphics,#N/A,#N/A,false,#N/A,#N/A,#N/A,#N/A,#N/A,#N/A
ce513ca3-5608-41cc-a4de-68e331cc4d6e,Storage,2025-12-09T20:38:48.000+0000,2025-12-09T20:38:48.000+0000,41e15470-a2d8-4a5c-935a-1c0950b04e30,0c42f68c-efb5-46ae-b54c-e6e44d881692,34eef450-ffe2-4831-bbae-e1e0173bc200,#N/A,#N/A,#N/A,false,false,true,Active,#N/A,Storage,#N/A,#N/A,false,#N/A,#N/A,#N/A,#N/A,#N/A,#N/A
d4804415-80a5-404f-91cc-0900994798ed,Paper Size,2025-12-09T20:38:48.000+0000,2025-12-09T20:38:48.000+0000,2e08821b-caad-4b28-9194-4fe27cebd18c,2822a180-12c4-4086-9c56-4087076ca2a3,86b99ccb-da0f-43e5-88a2-73915ced98d6,#N/A,#N/A,#N/A,false,false,false,Active,#N/A,Paper Size,#N/A,#N/A,false,#N/A,#N/A,#N/A,#N/A,#N/A,#N/A
d7786dcf-2002-46be-a9df-21c24e229e92,Scanner,2025-12-09T20:38:48.000+0000,2025-12-09T20:38:48.000+0000,8ac89a24-a981-4ceb-83c2-14fa9baa105e,fe3f04c3-537b-4c5d-8c8e-301ee08e19a9,#N/A,#N/A,#N/A,#N/A,false,false,false,Active,0,Scanner,#N/A,#N/A,false,#N/A,#N/A,#N/A,#N/A,#N/A,#N/A
dbd325a3-1a2b-45ad-9ea2-3876a1cae238,ECOM Code,2025-12-09T20:38:48.000+0000,2025-12-09T20:38:48.000+0000,cb492d70-7c44-4f07-a27c-a1907fc9adb1,fa7a23d9-0df4-45bd-a908-036b8bd78672,#N/A,#N/A,#N/A,#N/A,false,false,false,Active,0,ECOM Code,#N/A,#N/A,false,#N/A,#N/A,#N/A,#N/A,#N/A,#N/A
e7572d38-1abe-46ea-bc2a-aeb1811683ac,Scanner Type,2025-12-09T20:38:48.000+0000,2025-12-09T20:38:48.000+0000,c546d611-e50c-4586-8040-10a004af699d,87d7d7e8-6aad-4c07-9a3c-230e3c3e88ea,#N/A,#N/A,#N/A,#N/A,false,false,false,Active,0,Scanner Type,Handheld,#N/A,false,#N/A,#N/A,#N/A,#N/A,#N/A,#N/A
ec463845-a32a-48d9-a99e-c3ad68eb68dd,Gel Quantity,2025-12-09T20:38:48.000+0000,2025-12-09T20:38:48.000+0000,3c87e842-c30a-489b-bf18-1aa06b178a5a,cdb79fcd-13f4-4fc9-b45c-66539b5ce1c6,f5ea56c4-0d67-4d8c-8798-0ab659d21b0a,#N/A,#N/A,#N/A,false,false,false,Active,#N/A,Gel Quantity,#N/A,#N/A,false,#N/A,#N/A,#N/A,#N/A,#N/A,#N/A
fb606dce-6aa0-47cf-a352-a8d2235ebfcb,Training,2025-12-09T20:38:48.000+0000,2025-12-09T20:38:48.000+0000,18843b05-a917-4127-a6c2-021d2ede05b4,eb261395-e832-4d49-964e-3e22233d336a,6d5faa5d-4395-4c58-b78a-0b732e8facaa,#N/A,#N/A,#N/A,false,false,false,Active,#N/A,Training,#N/A,#N/A,false,#N/A,#N/A,#N/A,#N/A,#N/A,#N/A
