Guid,Name,Type,ParentId,BillingStreet,BillingCity,BillingState,BillingPostalCode,BillingCountry,BillingLatitude,BillingLongitude,BillingGeocodeAccuracy,ShippingStreet,ShippingCity,ShippingState,ShippingPostalCode,ShippingCountry,ShippingLatitude,ShippingLongitude,ShippingGeocodeAccuracy,Phone,Fax,AccountNumber,Website,Industry,AnnualRevenue,NumberOfEmployees,Ownership,Description,Jigsaw,AccountSource,SicDesc,IsOnVacation__c,SBQQ__AssetQuantitiesCombined__c,SBQQ__CoTermedContractsCombined__c,SBQQ__ContractCoTermination__c,SBQQ__IgnoreParentContractedPrices__c,SBQQ__PreserveBundle__c,SBQQ__PriceHoldEnd__c,SBQQ__RenewalModel__c,SBQQ__RenewalPricingMethod__c,SBQQ__TaxExempt__c,SBQQ__CoTerminationEvent__c
fee0f359-0512-410b-81b5-ada20b93f7d8,Test Account 666,#N/A,#N/A,#N/A,#N/A,#N/A,#N/A,#N/A,#N/A,#N/A,#N/A,#N/A,#N/A,#N/A,#N/A,#N/A,#N/A,#N/A,#N/A,#N/A,#N/A,#N/A,#N/A,#N/A,#N/A,#N/A,#N/A,#N/A,#N/A,#N/A,#N/A,#N/A,#N/A,#N/A,#N/A,#N/A,#N/A,#N/A,#N/A,#N/A,#N/A,#N/A
fee0f359-0512-410b-81b5-ada20b93e8d7,Test Account 666,#N/A,#N/A,#N/A,#N/A,#N/A,#N/A,#N/A,#N/A,#N/A,#N/A,#N/A,#N/A,#N/A,#N/A,#N/A,#N/A,#N/A,#N/A,#N/A,#N/A,#N/A,#N/A,#N/A,#N/A,#N/A,#N/A,#N/A,#N/A,#N/A,#N/A,#N/A,#N/A,#N/A,#N/A,#N/A,#N/A,#N/A,#N/A,#N/A,#N/A,#N/A
027554ff-edde-451b-965e-df9d5d3f7796,Test Account 022,Customer - Channel,#N/A,#N/A,#N/A,#N/A,#N/A,#N/A,#N/A,#N/A,#N/A,#N/A,#N/A,#N/A,#N/A,#N/A,#N/A,#N/A,#N/A,(167) 247-7600,#N/A,#N/A,https://www.testcompany22.com,Retail,#N/A,#N/A,#N/A,#N/A,#N/A,#N/A,#N/A,false,false,false,#N/A,false,false,#N/A,#N/A,#N/A,#N/A,#N/A
02a12197-6565-4008-b002-3b299e88b11d,quick-preview-2-2,#N/A,#N/A,#N/A,#N/A,#N/A,#N/A,#N/A,#N/A,#N/A,#N/A,#N/A,#N/A,#N/A,#N/A,#N/A,#N/A,#N/A,#N/A,#N/A,#N/A,#N/A,#N/A,#N/A,#N/A,#N/A,#N/A,#N/A,#N/A,#N/A,#N/A,false,false,false,Never,false,true,#N/A,#N/A,Same,No,#N/A
0921b3b9-f25a-4c67-a8fb-fa89aaf6aa1d,Test Account 008,Customer - Channel,#N/A,#N/A,#N/A,#N/A,#N/A,#N/A,#N/A,#N/A,#N/A,#N/A,#N/A,#N/A,#N/A,#N/A,#N/A,#N/A,#N/A,(308) 511-5827,#N/A,#N/A,https://www.testcompany8.com,Transportation,#N/A,#N/A,#N/A,#N/A,#N/A,#N/A,#N/A,false,false,false,#N/A,false,false,#N/A,#N/A,#N/A,#N/A,#N/A
09d264fd-1f9e-4f59-9d3f-20fc8cf146c6,Test Account 009,Customer - Direct,#N/A,#N/A,#N/A,#N/A,#N/A,#N/A,#N/A,#N/A,#N/A,#N/A,#N/A,#N/A,#N/A,#N/A,#N/A,#N/A,#N/A,(778) 239-5238,#N/A,#N/A,https://www.testcompany9.com,Manufacturing,#N/A,#N/A,#N/A,#N/A,#N/A,#N/A,#N/A,false,false,false,#N/A,false,false,#N/A,#N/A,#N/A,#N/A,#N/A
0d7ce2a4-85f0-4686-9fc0-ec95b6f7d2ed,Test Account 013,Prospect,#N/A,#N/A,#N/A,#N/A,#N/A,#N/A,#N/A,#N/A,#N/A,#N/A,#N/A,#N/A,#N/A,#N/A,#N/A,#N/A,#N/A,(608) 749-7923,#N/A,#N/A,https://www.testcompany13.com,Retail,#N/A,#N/A,#N/A,#N/A,#N/A,#N/A,#N/A,false,false,false,#N/A,false,false,#N/A,#N/A,#N/A,#N/A,#N/A
0da1b34a-a48f-42a5-8405-738fd1eec08a,quick-preview-1-3,#N/A,#N/A,#N/A,#N/A,#N/A,#N/A,#N/A,#N/A,#N/A,#N/A,#N/A,#N/A,#N/A,#N/A,#N/A,#N/A,#N/A,#N/A,(123) 456-78-90,#N/A,#N/A,#N/A,#N/A,#N/A,#N/A,#N/A,#N/A,#N/A,#N/A,#N/A,false,false,false,Never,false,true,#N/A,#N/A,Same,No,#N/A
0e8c9c06-ddd5-4a31-bd8c-d4ec4741d6c9,Test Account 076,Partner,#N/A,#N/A,#N/A,#N/A,#N/A,#N/A,#N/A,#N/A,#N/A,#N/A,#N/A,#N/A,#N/A,#N/A,#N/A,#N/A,#N/A,(233) 743-9468,#N/A,#N/A,https://www.testcompany76.com,Healthcare,#N/A,#N/A,#N/A,#N/A,#N/A,#N/A,#N/A,false,false,false,#N/A,false,false,#N/A,#N/A,#N/A,#N/A,#N/A
0f3c62a1-a0f8-4560-a4f5-920da0975363,Test Account 090,Customer - Channel,#N/A,#N/A,#N/A,#N/A,#N/A,#N/A,#N/A,#N/A,#N/A,#N/A,#N/A,#N/A,#N/A,#N/A,#N/A,#N/A,#N/A,(650) 118-3729,#N/A,#N/A,https://www.testcompany90.com,Real Estate,#N/A,#N/A,#N/A,#N/A,#N/A,#N/A,#N/A,false,false,false,#N/A,false,false,#N/A,#N/A,#N/A,#N/A,#N/A
11f3da23-6cdd-4acb-a465-398f131bbba2,Test Account 080,Customer - Channel,#N/A,#N/A,#N/A,#N/A,#N/A,#N/A,#N/A,#N/A,#N/A,#N/A,#N/A,#N/A,#N/A,#N/A,#N/A,#N/A,#N/A,(956) 353-5569,#N/A,#N/A,https://www.testcompany80.com,Finance,#N/A,#N/A,#N/A,#N/A,#N/A,#N/A,#N/A,false,false,false,#N/A,false,false,#N/A,#N/A,#N/A,#N/A,#N/A
17724b18-9594-4f2d-a8bb-a85f821daadc,duplication-record,#N/A,#N/A,#N/A,#N/A,#N/A,#N/A,#N/A,#N/A,#N/A,#N/A,#N/A,#N/A,#N/A,#N/A,#N/A,#N/A,#N/A,#N/A,#N/A,#N/A,#N/A,#N/A,#N/A,#N/A,#N/A,#N/A,#N/A,#N/A,#N/A,#N/A,false,false,false,Never,false,true,#N/A,#N/A,Same,No,#N/A
17d2339d-d6d2-4214-9a77-e33a4885fc3a,Test Account 015,Customer - Direct,#N/A,#N/A,#N/A,#N/A,#N/A,#N/A,#N/A,#N/A,#N/A,#N/A,#N/A,#N/A,#N/A,#N/A,#N/A,#N/A,#N/A,(225) 266-6302,#N/A,#N/A,https://www.testcompany15.com,Education,#N/A,#N/A,#N/A,#N/A,#N/A,#N/A,#N/A,false,false,false,#N/A,false,false,#N/A,#N/A,#N/A,#N/A,#N/A
184588bf-4166-49a2-9da1-eaa6cc8d6a8d,Test Account 061,Customer - Channel,#N/A,#N/A,#N/A,#N/A,#N/A,#N/A,#N/A,#N/A,#N/A,#N/A,#N/A,#N/A,#N/A,#N/A,#N/A,#N/A,#N/A,(935) 912-6193,#N/A,#N/A,https://www.testcompany61.com,Transportation,#N/A,#N/A,#N/A,#N/A,#N/A,#N/A,#N/A,false,false,false,#N/A,false,false,#N/A,#N/A,#N/A,#N/A,#N/A
1acc1b0c-ac55-4c7a-8d43-195228f9333a,Test Account 092,Customer - Channel,#N/A,#N/A,#N/A,#N/A,#N/A,#N/A,#N/A,#N/A,#N/A,#N/A,#N/A,#N/A,#N/A,#N/A,#N/A,#N/A,#N/A,(953) 731-8645,#N/A,#N/A,https://www.testcompany92.com,Finance,#N/A,#N/A,#N/A,#N/A,#N/A,#N/A,#N/A,false,false,false,#N/A,false,false,#N/A,#N/A,#N/A,#N/A,#N/A
1d40b8cd-8cde-443d-8465-485b84f99ac2,Test Account 039,Customer - Channel,#N/A,#N/A,#N/A,#N/A,#N/A,#N/A,#N/A,#N/A,#N/A,#N/A,#N/A,#N/A,#N/A,#N/A,#N/A,#N/A,#N/A,(802) 902-7612,#N/A,#N/A,https://www.testcompany39.com,Technology,#N/A,#N/A,#N/A,#N/A,#N/A,#N/A,#N/A,false,false,false,#N/A,false,false,#N/A,#N/A,#N/A,#N/A,#N/A
1eae6502-08e8-4887-8cf5-81bb20bd472c,Test Account 012,Partner,#N/A,#N/A,#N/A,#N/A,#N/A,#N/A,#N/A,#N/A,#N/A,#N/A,#N/A,#N/A,#N/A,#N/A,#N/A,#N/A,#N/A,(802) 599-2555,#N/A,#N/A,https://www.testcompany12.com,Retail,#N/A,#N/A,#N/A,#N/A,#N/A,#N/A,#N/A,false,false,false,#N/A,false,false,#N/A,#N/A,#N/A,#N/A,#N/A
25a4384b-2068-4b72-8aaf-c9f1cef51e68,Test Account 033,Prospect,#N/A,#N/A,#N/A,#N/A,#N/A,#N/A,#N/A,#N/A,#N/A,#N/A,#N/A,#N/A,#N/A,#N/A,#N/A,#N/A,#N/A,(707) 398-3526,#N/A,#N/A,https://www.testcompany33.com,Manufacturing,#N/A,#N/A,#N/A,#N/A,#N/A,#N/A,#N/A,false,false,false,#N/A,false,false,#N/A,#N/A,#N/A,#N/A,#N/A
2a6aff9b-ed73-4093-9127-b7d94513932d,Test Account 018,Partner,#N/A,#N/A,#N/A,#N/A,#N/A,#N/A,#N/A,#N/A,#N/A,#N/A,#N/A,#N/A,#N/A,#N/A,#N/A,#N/A,#N/A,(292) 525-8758,#N/A,#N/A,https://www.testcompany18.com,Finance,#N/A,#N/A,#N/A,#N/A,#N/A,#N/A,#N/A,false,false,false,#N/A,false,false,#N/A,#N/A,#N/A,#N/A,#N/A
2b3f0270-49cc-4a87-b620-1a6985ce0231,Test Account 074,Partner,#N/A,#N/A,#N/A,#N/A,#N/A,#N/A,#N/A,#N/A,#N/A,#N/A,#N/A,#N/A,#N/A,#N/A,#N/A,#N/A,#N/A,(277) 505-8308,#N/A,#N/A,https://www.testcompany74.com,Transportation,#N/A,#N/A,#N/A,#N/A,#N/A,#N/A,#N/A,false,false,false,#N/A,false,false,#N/A,#N/A,#N/A,#N/A,#N/A
2c38b1f3-f0b4-4336-87d0-dd3beae575ec,Test Account 035,Partner,#N/A,#N/A,#N/A,#N/A,#N/A,#N/A,#N/A,#N/A,#N/A,#N/A,#N/A,#N/A,#N/A,#N/A,#N/A,#N/A,#N/A,(219) 244-4329,#N/A,#N/A,https://www.testcompany35.com,Technology,#N/A,#N/A,#N/A,#N/A,#N/A,#N/A,#N/A,false,false,false,#N/A,false,false,#N/A,#N/A,#N/A,#N/A,#N/A
2d2008c9-58cd-4a6c-a2cd-3c3c196b1c3f,Test Account 073,Partner,#N/A,#N/A,#N/A,#N/A,#N/A,#N/A,#N/A,#N/A,#N/A,#N/A,#N/A,#N/A,#N/A,#N/A,#N/A,#N/A,#N/A,(208) 504-5750,#N/A,#N/A,https://www.testcompany73.com,Energy,#N/A,#N/A,#N/A,#N/A,#N/A,#N/A,#N/A,false,false,false,#N/A,false,false,#N/A,#N/A,#N/A,#N/A,#N/A
3136eb75-e514-498c-9832-5f8a4cdcc1b3,Test Account 005,Customer - Channel,#N/A,#N/A,#N/A,#N/A,#N/A,#N/A,#N/A,#N/A,#N/A,#N/A,#N/A,#N/A,#N/A,#N/A,#N/A,#N/A,#N/A,(104) 907-4027,#N/A,#N/A,https://www.testcompany5.com,Manufacturing,#N/A,#N/A,#N/A,#N/A,#N/A,#N/A,#N/A,false,false,false,#N/A,false,false,#N/A,#N/A,#N/A,#N/A,#N/A
359adb19-6884-4ee8-8ca9-207d9d55f557,record-123456,#N/A,#N/A,#N/A,#N/A,#N/A,#N/A,#N/A,#N/A,#N/A,#N/A,#N/A,#N/A,#N/A,#N/A,#N/A,#N/A,#N/A,#N/A,#N/A,#N/A,#N/A,#N/A,#N/A,#N/A,#N/A,#N/A,#N/A,#N/A,#N/A,#N/A,false,false,false,Never,false,true,#N/A,#N/A,Same,No,#N/A
3607408a-2d98-424c-a26b-255086e055f1,Test Account 065,Customer - Channel,#N/A,#N/A,#N/A,#N/A,#N/A,#N/A,#N/A,#N/A,#N/A,#N/A,#N/A,#N/A,#N/A,#N/A,#N/A,#N/A,#N/A,(630) 293-2012,#N/A,#N/A,https://www.testcompany65.com,Education,#N/A,#N/A,#N/A,#N/A,#N/A,#N/A,#N/A,false,false,false,#N/A,false,false,#N/A,#N/A,#N/A,#N/A,#N/A
368a749b-b667-491a-9814-280b1e31b3b5,Test Account 038,Customer - Direct,#N/A,#N/A,#N/A,#N/A,#N/A,#N/A,#N/A,#N/A,#N/A,#N/A,#N/A,#N/A,#N/A,#N/A,#N/A,#N/A,#N/A,(981) 782-8440,#N/A,#N/A,https://www.testcompany38.com,Education,#N/A,#N/A,#N/A,#N/A,#N/A,#N/A,#N/A,false,false,false,#N/A,false,false,#N/A,#N/A,#N/A,#N/A,#N/A
39306e8d-3d79-4b51-b06a-5ae91d51cc22,Test Account 079,Prospect,#N/A,#N/A,#N/A,#N/A,#N/A,#N/A,#N/A,#N/A,#N/A,#N/A,#N/A,#N/A,#N/A,#N/A,#N/A,#N/A,#N/A,(875) 155-8603,#N/A,#N/A,https://www.testcompany79.com,Retail,#N/A,#N/A,#N/A,#N/A,#N/A,#N/A,#N/A,false,false,false,#N/A,false,false,#N/A,#N/A,#N/A,#N/A,#N/A
3dc803c5-6dc9-4326-9d50-1aa808884339,Test Account 071,Customer - Channel,#N/A,#N/A,#N/A,#N/A,#N/A,#N/A,#N/A,#N/A,#N/A,#N/A,#N/A,#N/A,#N/A,#N/A,#N/A,#N/A,#N/A,(124) 403-6966,#N/A,#N/A,https://www.testcompany71.com,Energy,#N/A,#N/A,#N/A,#N/A,#N/A,#N/A,#N/A,false,false,false,#N/A,false,false,#N/A,#N/A,#N/A,#N/A,#N/A
3e492c25-d6e0-4065-9f17-6d68f45e279a,Test Account 085,Customer - Channel,#N/A,#N/A,#N/A,#N/A,#N/A,#N/A,#N/A,#N/A,#N/A,#N/A,#N/A,#N/A,#N/A,#N/A,#N/A,#N/A,#N/A,(479) 487-5225,#N/A,#N/A,https://www.testcompany85.com,Transportation,#N/A,#N/A,#N/A,#N/A,#N/A,#N/A,#N/A,false,false,false,#N/A,false,false,#N/A,#N/A,#N/A,#N/A,#N/A
3eb1d169-465a-4d64-bb0c-da4b24aa915a,Test Account 021,Partner,#N/A,#N/A,#N/A,#N/A,#N/A,#N/A,#N/A,#N/A,#N/A,#N/A,#N/A,#N/A,#N/A,#N/A,#N/A,#N/A,#N/A,(213) 267-1326,#N/A,#N/A,https://www.testcompany21.com,Construction,#N/A,#N/A,#N/A,#N/A,#N/A,#N/A,#N/A,false,false,false,#N/A,false,false,#N/A,#N/A,#N/A,#N/A,#N/A
3ed74904-100c-48b8-b716-013bd1066e45,Test Account 043,Partner,#N/A,#N/A,#N/A,#N/A,#N/A,#N/A,#N/A,#N/A,#N/A,#N/A,#N/A,#N/A,#N/A,#N/A,#N/A,#N/A,#N/A,(416) 268-2118,#N/A,#N/A,https://www.testcompany43.com,Manufacturing,#N/A,#N/A,#N/A,#N/A,#N/A,#N/A,#N/A,false,false,false,#N/A,false,false,#N/A,#N/A,#N/A,#N/A,#N/A
3ed7cf66-045c-42e8-af36-fb253f1482c7,Test Account 034,Customer - Channel,#N/A,#N/A,#N/A,#N/A,#N/A,#N/A,#N/A,#N/A,#N/A,#N/A,#N/A,#N/A,#N/A,#N/A,#N/A,#N/A,#N/A,(242) 513-3187,#N/A,#N/A,https://www.testcompany34.com,Retail,#N/A,#N/A,#N/A,#N/A,#N/A,#N/A,#N/A,false,false,false,#N/A,false,false,#N/A,#N/A,#N/A,#N/A,#N/A
3f813878-e8fd-4cc5-b15a-cfa5408ef4de,Test Account 019,Partner,#N/A,#N/A,#N/A,#N/A,#N/A,#N/A,#N/A,#N/A,#N/A,#N/A,#N/A,#N/A,#N/A,#N/A,#N/A,#N/A,#N/A,(977) 344-2822,#N/A,#N/A,https://www.testcompany19.com,Real Estate,#N/A,#N/A,#N/A,#N/A,#N/A,#N/A,#N/A,false,false,false,#N/A,false,false,#N/A,#N/A,#N/A,#N/A,#N/A
435c2108-dbf6-444b-ae85-5d6198a68e05,Test Account 100,Customer - Channel,#N/A,#N/A,#N/A,#N/A,#N/A,#N/A,#N/A,#N/A,#N/A,#N/A,#N/A,#N/A,#N/A,#N/A,#N/A,#N/A,#N/A,(905) 391-3922,#N/A,#N/A,https://www.testcompany100.com,Construction,#N/A,#N/A,#N/A,#N/A,#N/A,#N/A,#N/A,false,false,false,#N/A,false,false,#N/A,#N/A,#N/A,#N/A,#N/A
43ff38f5-e7c7-42ff-900a-3b7723096059,Test Account 098,Partner,#N/A,#N/A,#N/A,#N/A,#N/A,#N/A,#N/A,#N/A,#N/A,#N/A,#N/A,#N/A,#N/A,#N/A,#N/A,#N/A,#N/A,(914) 717-2218,#N/A,#N/A,https://www.testcompany98.com,Technology,#N/A,#N/A,#N/A,#N/A,#N/A,#N/A,#N/A,false,false,false,#N/A,false,false,#N/A,#N/A,#N/A,#N/A,#N/A
4606e848-9ab2-47ee-81a6-b51e9be17c8d,quick-preview-2,#N/A,#N/A,#N/A,#N/A,#N/A,#N/A,#N/A,#N/A,#N/A,#N/A,#N/A,#N/A,#N/A,#N/A,#N/A,#N/A,#N/A,#N/A,123-456-789,#N/A,#N/A,#N/A,#N/A,#N/A,#N/A,#N/A,#N/A,#N/A,#N/A,#N/A,false,false,false,Never,false,true,#N/A,#N/A,Same,No,#N/A
46489278-34e4-4f8d-b4f4-5f056fd094ba,Test Account 078,Partner,#N/A,#N/A,#N/A,#N/A,#N/A,#N/A,#N/A,#N/A,#N/A,#N/A,#N/A,#N/A,#N/A,#N/A,#N/A,#N/A,#N/A,(430) 422-5152,#N/A,#N/A,https://www.testcompany78.com,Healthcare,#N/A,#N/A,#N/A,#N/A,#N/A,#N/A,#N/A,false,false,false,#N/A,false,false,#N/A,#N/A,#N/A,#N/A,#N/A
496dc743-4caa-4460-a15b-22435db51096,Test Account 047,Prospect,#N/A,#N/A,#N/A,#N/A,#N/A,#N/A,#N/A,#N/A,#N/A,#N/A,#N/A,#N/A,#N/A,#N/A,#N/A,#N/A,#N/A,(559) 863-2252,#N/A,#N/A,https://www.testcompany47.com,Retail,#N/A,#N/A,#N/A,#N/A,#N/A,#N/A,#N/A,false,false,false,#N/A,false,false,#N/A,#N/A,#N/A,#N/A,#N/A
4a1e8f80-24c8-411a-a358-6db455bf6b80,Test Account 066,Partner,#N/A,#N/A,#N/A,#N/A,#N/A,#N/A,#N/A,#N/A,#N/A,#N/A,#N/A,#N/A,#N/A,#N/A,#N/A,#N/A,#N/A,(241) 386-1252,#N/A,#N/A,https://www.testcompany66.com,Real Estate,#N/A,#N/A,#N/A,#N/A,#N/A,#N/A,#N/A,false,false,false,#N/A,false,false,#N/A,#N/A,#N/A,#N/A,#N/A
4a7ae154-343b-4bd7-ab17-fe48304c5366,Test Account 036,Partner,#N/A,#N/A,#N/A,#N/A,#N/A,#N/A,#N/A,#N/A,#N/A,#N/A,#N/A,#N/A,#N/A,#N/A,#N/A,#N/A,#N/A,(319) 427-8004,#N/A,#N/A,https://www.testcompany36.com,Finance,#N/A,#N/A,#N/A,#N/A,#N/A,#N/A,#N/A,false,false,false,#N/A,false,false,#N/A,#N/A,#N/A,#N/A,#N/A
4c9e14d1-9778-408b-a077-ec79d780acff,Test Account 051,Prospect,#N/A,#N/A,#N/A,#N/A,#N/A,#N/A,#N/A,#N/A,#N/A,#N/A,#N/A,#N/A,#N/A,#N/A,#N/A,#N/A,#N/A,(889) 158-7188,#N/A,#N/A,https://www.testcompany51.com,Construction,#N/A,#N/A,#N/A,#N/A,#N/A,#N/A,#N/A,false,false,false,#N/A,false,false,#N/A,#N/A,#N/A,#N/A,#N/A
4cc9892e-423f-4674-9737-eebd10bba603,Test Account 010,Partner,#N/A,#N/A,#N/A,#N/A,#N/A,#N/A,#N/A,#N/A,#N/A,#N/A,#N/A,#N/A,#N/A,#N/A,#N/A,#N/A,#N/A,(855) 282-6634,#N/A,#N/A,https://www.testcompany10.com,Healthcare,#N/A,#N/A,#N/A,#N/A,#N/A,#N/A,#N/A,false,false,false,#N/A,false,false,#N/A,#N/A,#N/A,#N/A,#N/A
4cddce17-44f6-4207-bc4f-f647adf383a6,Test Account 087,Partner,#N/A,#N/A,#N/A,#N/A,#N/A,#N/A,#N/A,#N/A,#N/A,#N/A,#N/A,#N/A,#N/A,#N/A,#N/A,#N/A,#N/A,(644) 182-5408,#N/A,#N/A,https://www.testcompany87.com,Manufacturing,#N/A,#N/A,#N/A,#N/A,#N/A,#N/A,#N/A,false,false,false,#N/A,false,false,#N/A,#N/A,#N/A,#N/A,#N/A
4f2e8559-584a-45b6-b693-2fcb22630938,Test Account 020,Customer - Channel,#N/A,#N/A,#N/A,#N/A,#N/A,#N/A,#N/A,#N/A,#N/A,#N/A,#N/A,#N/A,#N/A,#N/A,#N/A,#N/A,#N/A,(939) 149-9206,#N/A,#N/A,https://www.testcompany20.com,Transportation,#N/A,#N/A,#N/A,#N/A,#N/A,#N/A,#N/A,false,false,false,#N/A,false,false,#N/A,#N/A,#N/A,#N/A,#N/A
53472e3c-6b98-4688-9d80-d9034d2fdd92,account-quick-preview,#N/A,#N/A,#N/A,#N/A,#N/A,#N/A,#N/A,#N/A,#N/A,#N/A,#N/A,#N/A,#N/A,#N/A,#N/A,#N/A,#N/A,#N/A,937-99-92,#N/A,#N/A,#N/A,#N/A,#N/A,#N/A,#N/A,#N/A,#N/A,#N/A,#N/A,false,false,false,Never,false,true,#N/A,#N/A,Same,No,#N/A
55a7f73d-e2fb-4cd6-a06b-52d91076b43d,Test Account 026,Customer - Channel,#N/A,#N/A,#N/A,#N/A,#N/A,#N/A,#N/A,#N/A,#N/A,#N/A,#N/A,#N/A,#N/A,#N/A,#N/A,#N/A,#N/A,(659) 167-8143,#N/A,#N/A,https://www.testcompany26.com,Construction,#N/A,#N/A,#N/A,#N/A,#N/A,#N/A,#N/A,false,false,false,#N/A,false,false,#N/A,#N/A,#N/A,#N/A,#N/A
566e049e-b9dd-48b1-94ec-db27fe306ee9,Test Account 002,Customer - Direct,#N/A,#N/A,#N/A,#N/A,#N/A,#N/A,#N/A,#N/A,#N/A,#N/A,#N/A,#N/A,#N/A,#N/A,#N/A,#N/A,#N/A,(944) 292-7110,#N/A,#N/A,https://www.testcompany2.com,Real Estate,#N/A,#N/A,#N/A,#N/A,#N/A,#N/A,#N/A,false,false,false,#N/A,false,false,#N/A,#N/A,#N/A,#N/A,#N/A
58027dee-d760-40e7-8cf9-06a2787ebd31,Test Account 044,Customer - Channel,#N/A,viewport-fit=cover&amp;quot;/&gt;&lt;link rel=&amp;quot;apple-touch-icon&amp;quot; href=&amp;quot;/img/one/apple-touch-icon-ipad.png&amp;quot;/&gt;&lt;meta name=&amp;quot;apple-mobile-web-app-capable&amp;quot; content=&amp;quot;yes&amp;quot;/&gt;&lt;meta,#N/A,#N/A,#N/A,#N/A,#N/A,#N/A,#N/A,viewport-fit=cover&amp;quot;/&gt;&lt;link rel=&amp;quot;apple-touch-icon&amp;quot; href=&amp;quot;/img/one/apple-touch-icon-ipad.png&amp;quot;/&gt;&lt;meta name=&amp;quot;apple-mobile-web-app-capable&amp;quot; content=&amp;quot;yes&amp;quot;/&gt;&lt;meta,#N/A,#N/A,#N/A,#N/A,#N/A,#N/A,#N/A,(918) 155-4205-12345,#N/A,#N/A,#N/A,Manufacturing,#N/A,#N/A,#N/A,viewport-fit=cover&amp;quot;/&gt;&lt;link rel=&amp;quot;apple-touch-icon&amp;quot; href=&amp;quot;/img/one/apple-touch-icon-ipad.png&amp;quot;/&gt;&lt;meta name=&amp;quot;apple-mobile-web-app-capable&amp;quot; content=&amp;quot;yes&amp;quot;/&gt;&lt;meta name=&amp;quot;apple-mobile-web-app-status-bar-style&amp;quot; content=&amp;quot;black-translucent&amp;quot;/&gt;&lt;meta name=&amp;quot;format-detection&amp;quot; content=&amp;quot;telephone=no&amp;quot;/&gt;&lt;meta name=&amp;quot;msapplication-tap-highlight&amp;quot; content=&amp;quot;no&amp;quot;/&gt;&lt;meta data-requestid=&amp;quot;dd10c7ae8fcea124d96c1f7c260bff45&amp;quot; name=&amp;quot;meta-app-referer&amp;quot; data-referer=&amp;quot;None&amp;quot;/&gt;&lt;meta http-equiv=&amp;quot;origin-trial&amp;quot; content=&amp;quot;AkBgNlDiY3u6JLOlyCHNo+uI//ZsQNGdALGkaqj2TaJPsaytJKhRW2ej+qKdkIs3auzeCWPCYX2AE/jVxzJS0AwAAABaeyJvcmlnaW4iOiJodHRwczovL2ZvcmNlLmNvbTo0NDMiLCJmZWF0dXJlIjoiVHBjZCIsImV4cGlyeSI6MTczNTM0Mzk5OSwiaXNTdWJkb21haW4iOnRydWV9&amp;quot;/&gt;&lt;link rel=&amp;quot;manifest&amp;quot; href=&amp;quot;/one/manifest.json?96721268928c53bb38f97d28a869f106b130753b5fc8a562e866d7565b37fc39&amp;quot;/&gt; .auraMsgMask{position:absolute;top:0;bottom:0;left:0;right:0;background:-webkit-radial-gradient(circle,#N/A,#N/A,#N/A,false,false,false,#N/A,false,false,#N/A,#N/A,#N/A,#N/A,#N/A
5b180d52-290d-4cec-801f-b8989722f502,Test Account 058,Customer - Channel,#N/A,#N/A,#N/A,#N/A,#N/A,#N/A,#N/A,#N/A,#N/A,#N/A,#N/A,#N/A,#N/A,#N/A,#N/A,#N/A,#N/A,(608) 548-6087,#N/A,#N/A,https://www.testcompany58.com,Real Estate,#N/A,#N/A,#N/A,#N/A,#N/A,#N/A,#N/A,false,false,false,#N/A,false,false,#N/A,#N/A,#N/A,#N/A,#N/A
60fcce08-705c-4b98-84e2-f91d9470fe76,Test Account 011,Prospect,#N/A,#N/A,#N/A,#N/A,#N/A,#N/A,#N/A,#N/A,#N/A,#N/A,#N/A,#N/A,#N/A,#N/A,#N/A,#N/A,#N/A,(361) 573-4097,#N/A,#N/A,https://www.testcompany11.com,Finance,#N/A,#N/A,#N/A,#N/A,#N/A,#N/A,#N/A,false,false,false,#N/A,false,false,#N/A,#N/A,#N/A,#N/A,#N/A
62bff408-42f0-41fb-be87-47824cb1e7d0,Test Account 086,Prospect,#N/A,#N/A,#N/A,#N/A,#N/A,#N/A,#N/A,#N/A,#N/A,#N/A,#N/A,#N/A,#N/A,#N/A,#N/A,#N/A,#N/A,(799) 696-5768,#N/A,#N/A,https://www.testcompany86.com,Finance,#N/A,#N/A,#N/A,#N/A,#N/A,#N/A,#N/A,false,false,false,#N/A,false,false,#N/A,#N/A,#N/A,#N/A,#N/A
6528cde2-cee1-4868-9b42-cbc9b73c2a8c,Test Account 042,Partner,#N/A,#N/A,#N/A,#N/A,#N/A,#N/A,#N/A,#N/A,#N/A,#N/A,#N/A,#N/A,#N/A,#N/A,#N/A,#N/A,#N/A,(890) 887-2849,#N/A,#N/A,https://www.testcompany42.com,Retail,#N/A,#N/A,#N/A,#N/A,#N/A,#N/A,#N/A,false,false,false,#N/A,false,false,#N/A,#N/A,#N/A,#N/A,#N/A
69eaba54-4e13-4c67-a8fb-fd341d8a0486,Test Account 084,Customer - Channel,#N/A,#N/A,#N/A,#N/A,#N/A,#N/A,#N/A,#N/A,#N/A,#N/A,#N/A,#N/A,#N/A,#N/A,#N/A,#N/A,#N/A,(734) 309-3413,#N/A,#N/A,https://www.testcompany84.com,Construction,#N/A,#N/A,#N/A,#N/A,#N/A,#N/A,#N/A,false,false,false,#N/A,false,false,#N/A,#N/A,#N/A,#N/A,#N/A
6d7c915a-c6ef-4032-9f5f-fbdb14e6ed67,Test Account 032,Partner,#N/A,#N/A,#N/A,#N/A,#N/A,#N/A,#N/A,#N/A,#N/A,#N/A,#N/A,#N/A,#N/A,#N/A,#N/A,#N/A,#N/A,(497) 210-5040,#N/A,#N/A,https://www.testcompany32.com,Retail,#N/A,#N/A,#N/A,#N/A,#N/A,#N/A,#N/A,false,false,false,#N/A,false,false,#N/A,#N/A,#N/A,#N/A,#N/A
6e92c03a-f6f8-44df-ab9e-8dee6d3f0f51,Test Account 060,Prospect,#N/A,#N/A,#N/A,#N/A,#N/A,#N/A,#N/A,#N/A,#N/A,#N/A,#N/A,#N/A,#N/A,#N/A,#N/A,#N/A,#N/A,(268) 979-7230,#N/A,#N/A,https://www.testcompany60.com,Construction,#N/A,#N/A,#N/A,#N/A,#N/A,#N/A,#N/A,false,false,false,#N/A,false,false,#N/A,#N/A,#N/A,#N/A,#N/A
70a874f6-49c3-4abf-8710-c7367a4f9ee1,Test Account 006,Prospect,#N/A,#N/A,#N/A,#N/A,#N/A,#N/A,#N/A,#N/A,#N/A,#N/A,#N/A,#N/A,#N/A,#N/A,#N/A,#N/A,#N/A,(297) 130-3671,#N/A,#N/A,https://www.testcompany6.com,Manufacturing,#N/A,#N/A,#N/A,#N/A,#N/A,#N/A,#N/A,false,false,false,#N/A,false,false,#N/A,#N/A,#N/A,#N/A,#N/A
77d4a833-4208-4941-bbe8-5067d87ef104,quick-preview-3,#N/A,#N/A,#N/A,#N/A,#N/A,#N/A,#N/A,#N/A,#N/A,#N/A,#N/A,#N/A,#N/A,#N/A,#N/A,#N/A,#N/A,#N/A,123-456-789,#N/A,#N/A,#N/A,#N/A,#N/A,#N/A,#N/A,#N/A,#N/A,#N/A,#N/A,false,false,false,Never,false,true,#N/A,#N/A,Same,No,#N/A
79c2a434-e27b-4461-9c38-132f3abf6e7e,Test Account 056,Customer - Direct,#N/A,#N/A,#N/A,#N/A,#N/A,#N/A,#N/A,#N/A,#N/A,#N/A,#N/A,#N/A,#N/A,#N/A,#N/A,#N/A,#N/A,(178) 119-2396,#N/A,#N/A,https://www.testcompany56.com,Real Estate,#N/A,#N/A,#N/A,#N/A,#N/A,#N/A,#N/A,false,false,false,#N/A,false,false,#N/A,#N/A,#N/A,#N/A,#N/A
7ac879fb-aa52-46f6-b021-9a40ddcf38b1,Test Account 045,Customer - Direct,#N/A,#N/A,#N/A,#N/A,#N/A,#N/A,#N/A,#N/A,#N/A,#N/A,#N/A,#N/A,#N/A,#N/A,#N/A,#N/A,#N/A,(790) 755-7156,#N/A,#N/A,https://www.testcompany45.com,Transportation,#N/A,#N/A,#N/A,#N/A,#N/A,#N/A,#N/A,false,false,false,#N/A,false,false,#N/A,#N/A,#N/A,#N/A,#N/A
7dffd958-2c5c-4dc4-b45a-7e4b6377d2f1,Test Account 091,Partner,#N/A,#N/A,#N/A,#N/A,#N/A,#N/A,#N/A,#N/A,#N/A,#N/A,#N/A,#N/A,#N/A,#N/A,#N/A,#N/A,#N/A,(753) 229-2489,#N/A,#N/A,https://www.testcompany91.com,Manufacturing,#N/A,#N/A,#N/A,#N/A,#N/A,#N/A,#N/A,false,false,false,#N/A,false,false,#N/A,#N/A,#N/A,#N/A,#N/A
7eeedcfb-7cc9-4385-a1ba-4d57656a0794,Test Account 070,Prospect,#N/A,#N/A,#N/A,#N/A,#N/A,#N/A,#N/A,#N/A,#N/A,#N/A,#N/A,#N/A,#N/A,#N/A,#N/A,#N/A,#N/A,(442) 445-1520,#N/A,#N/A,https://www.testcompany70.com,Real Estate,#N/A,#N/A,#N/A,#N/A,#N/A,#N/A,#N/A,false,false,false,#N/A,false,false,#N/A,#N/A,#N/A,#N/A,#N/A
7f106ce2-06d9-4f92-aa9e-5125634380d2,Test Account 072,Customer - Direct,#N/A,#N/A,#N/A,#N/A,#N/A,#N/A,#N/A,#N/A,#N/A,#N/A,#N/A,#N/A,#N/A,#N/A,#N/A,#N/A,#N/A,(461) 651-1841,#N/A,#N/A,https://www.testcompany72.com,Education,#N/A,#N/A,#N/A,#N/A,#N/A,#N/A,#N/A,false,false,false,#N/A,false,false,#N/A,#N/A,#N/A,#N/A,#N/A
8009db27-7484-4d87-868e-5fb116443c05,Test Account 054,Partner,#N/A,#N/A,#N/A,#N/A,#N/A,#N/A,#N/A,#N/A,#N/A,#N/A,#N/A,#N/A,#N/A,#N/A,#N/A,#N/A,#N/A,(485) 744-8548,#N/A,#N/A,https://www.testcompany54.com,Construction,#N/A,#N/A,#N/A,#N/A,#N/A,#N/A,#N/A,false,false,false,#N/A,false,false,#N/A,#N/A,#N/A,#N/A,#N/A
8035fa8e-7133-4e25-a285-6d6275d1f841,Test Account 016,Customer - Channel,#N/A,#N/A,#N/A,#N/A,#N/A,#N/A,#N/A,#N/A,#N/A,#N/A,#N/A,#N/A,#N/A,#N/A,#N/A,#N/A,#N/A,(216) 332-3206,#N/A,#N/A,https://www.testcompany16.com,Education,#N/A,#N/A,#N/A,#N/A,#N/A,#N/A,#N/A,false,false,false,#N/A,false,false,#N/A,#N/A,#N/A,#N/A,#N/A
80f858df-d562-45aa-aa78-4f7d48538e9c,Global Media,Prospect,#N/A,150 Chestnut Street,Toronto,Ontario,L4B 1Y3,Canada,#N/A,#N/A,#N/A,150 Chestnut Street,Toronto,Ontario,L4B 1Y3,Canada,#N/A,#N/A,#N/A,(905) 555-1212,#N/A,#N/A,#N/A,Media,#N/A,14668,#N/A,"GBM is the worldwide leader in technology news and information on the Web and the producer of the longest-running and farthest-reaching television shows about technology. GBM's network of sites combines breakthrough interactive technology with engaging content and design and is consistently ranked as the Internet's leading content network in terms of both audience size and revenue, serving millions of users each day. The company's television programming is broadcast by the USA Network and the Sci-Fi Channel to more than 70 million households and is syndicated to broadcast television stations in the nation's top 120 markets, including the top 10 markets.",#N/A,#N/A,#N/A,false,false,false,#N/A,false,false,#N/A,#N/A,#N/A,#N/A,#N/A
8a37961a-2b17-4f13-bdef-a7a3f72584ea,Test Account 050,Customer - Channel,#N/A,#N/A,#N/A,#N/A,#N/A,#N/A,#N/A,#N/A,#N/A,#N/A,#N/A,#N/A,#N/A,#N/A,#N/A,#N/A,#N/A,(885) 633-9346,#N/A,#N/A,https://www.testcompany50.com,Education,#N/A,#N/A,#N/A,#N/A,#N/A,#N/A,#N/A,false,false,false,#N/A,false,false,#N/A,#N/A,#N/A,#N/A,#N/A
8a835415-c688-4ea8-8603-d2f43a69028e,Test Account 046,Partner,#N/A,#N/A,#N/A,#N/A,#N/A,#N/A,#N/A,#N/A,#N/A,#N/A,#N/A,#N/A,#N/A,#N/A,#N/A,#N/A,#N/A,(669) 399-4120,#N/A,#N/A,https://www.testcompany46.com,Energy,#N/A,#N/A,#N/A,#N/A,#N/A,#N/A,#N/A,false,false,false,#N/A,false,false,#N/A,#N/A,#N/A,#N/A,#N/A
9057e078-e3d1-461d-8e6e-eb8f9468f7da,Test Account 053,Partner,#N/A,#N/A,#N/A,#N/A,#N/A,#N/A,#N/A,#N/A,#N/A,#N/A,#N/A,#N/A,#N/A,#N/A,#N/A,#N/A,#N/A,(803) 234-4159,#N/A,#N/A,https://www.testcompany53.com,Construction,#N/A,#N/A,#N/A,#N/A,#N/A,#N/A,#N/A,false,false,false,#N/A,false,false,#N/A,#N/A,#N/A,#N/A,#N/A
9086152d-f1d0-4e08-b58c-99e4e7e2ae2d,Test Account 049,Customer - Channel,#N/A,#N/A,#N/A,#N/A,#N/A,#N/A,#N/A,#N/A,#N/A,#N/A,#N/A,#N/A,#N/A,#N/A,#N/A,#N/A,#N/A,(550) 370-7848,#N/A,#N/A,https://www.testcompany49.com,Healthcare,#N/A,#N/A,#N/A,#N/A,#N/A,#N/A,#N/A,false,false,false,#N/A,false,false,#N/A,#N/A,#N/A,#N/A,#N/A
91c854bf-b0f4-4d91-a2d4-df637d0a286c,Acme,Prospect,#N/A,10 Main Rd.,New York,NY,31349,USA,#N/A,#N/A,#N/A,10 Main Rd.,New York,NY,31349,USA,#N/A,#N/A,#N/A,(212) 555-5555,(212) 555-5555,#N/A,#N/A,Manufacturing,1.0E8,680,#N/A,#N/A,#N/A,#N/A,#N/A,false,false,false,#N/A,false,false,#N/A,#N/A,#N/A,#N/A,#N/A
97ae93fb-096b-4953-b76c-b468a515aea7,Sample Account for Entitlements,#N/A,#N/A,#N/A,#N/A,#N/A,#N/A,#N/A,#N/A,#N/A,#N/A,#N/A,#N/A,#N/A,#N/A,#N/A,#N/A,#N/A,#N/A,#N/A,#N/A,#N/A,#N/A,#N/A,#N/A,#N/A,#N/A,#N/A,#N/A,#N/A,#N/A,false,false,false,#N/A,false,false,#N/A,#N/A,#N/A,#N/A,#N/A
9a9273bd-e4a8-429d-9e02-0654122dfcf1,Test Account 094,Prospect,#N/A,#N/A,#N/A,#N/A,#N/A,#N/A,#N/A,#N/A,#N/A,#N/A,#N/A,#N/A,#N/A,#N/A,#N/A,#N/A,#N/A,(530) 957-3339,#N/A,#N/A,https://www.testcompany94.com,Manufacturing,#N/A,#N/A,#N/A,#N/A,#N/A,#N/A,#N/A,false,false,false,#N/A,false,false,#N/A,#N/A,#N/A,#N/A,#N/A
9b051a56-d6b5-4897-986d-9d4e682ab5fb,Test Account 027,Customer - Direct,#N/A,#N/A,#N/A,#N/A,#N/A,#N/A,#N/A,#N/A,#N/A,#N/A,#N/A,#N/A,#N/A,#N/A,#N/A,#N/A,#N/A,(825) 374-4129,#N/A,#N/A,https://www.testcompany27.com,Finance,#N/A,#N/A,#N/A,#N/A,#N/A,#N/A,#N/A,false,false,false,#N/A,false,false,#N/A,#N/A,#N/A,#N/A,#N/A
a471c693-0abc-402a-ac6b-fffb1ab43a68,Test Account 023,Customer - Direct,#N/A,#N/A,#N/A,#N/A,#N/A,#N/A,#N/A,#N/A,#N/A,#N/A,#N/A,#N/A,#N/A,#N/A,#N/A,#N/A,#N/A,(670) 959-3985,#N/A,#N/A,https://www.testcompany23.com,Retail,#N/A,#N/A,#N/A,#N/A,#N/A,#N/A,#N/A,false,false,false,#N/A,false,false,#N/A,#N/A,#N/A,#N/A,#N/A
a5886fa6-b199-4088-840e-80fe5ea7d47e,Test Account 014,Partner,#N/A,#N/A,#N/A,#N/A,#N/A,#N/A,#N/A,#N/A,#N/A,#N/A,#N/A,#N/A,#N/A,#N/A,#N/A,#N/A,#N/A,(853) 719-4037,#N/A,#N/A,https://www.testcompany14.com,Transportation,#N/A,#N/A,#N/A,#N/A,#N/A,#N/A,#N/A,false,false,false,#N/A,false,false,#N/A,#N/A,#N/A,#N/A,#N/A
a5987d7e-c619-4383-9ccc-7e48141afbfc,Test Account 062,Partner,#N/A,#N/A,#N/A,#N/A,#N/A,#N/A,#N/A,#N/A,#N/A,#N/A,#N/A,#N/A,#N/A,#N/A,#N/A,#N/A,#N/A,(353) 843-7108,#N/A,#N/A,https://www.testcompany62.com,Healthcare,#N/A,#N/A,#N/A,#N/A,#N/A,#N/A,#N/A,false,false,false,#N/A,false,false,#N/A,#N/A,#N/A,#N/A,#N/A
a74020a4-b131-4672-8dab-e4288b387929,Test Account 025,Prospect,#N/A,#N/A,#N/A,#N/A,#N/A,#N/A,#N/A,#N/A,#N/A,#N/A,#N/A,#N/A,#N/A,#N/A,#N/A,#N/A,#N/A,(360) 975-2639,#N/A,#N/A,https://www.testcompany25.com,Technology,#N/A,#N/A,#N/A,#N/A,#N/A,#N/A,#N/A,false,false,false,#N/A,false,false,#N/A,#N/A,#N/A,#N/A,#N/A
ac5c65e3-5900-4a14-b999-a5d6ddfeab10,Test Account 029,Prospect,#N/A,#N/A,#N/A,#N/A,#N/A,#N/A,#N/A,#N/A,#N/A,#N/A,#N/A,#N/A,#N/A,#N/A,#N/A,#N/A,#N/A,(774) 282-6649,#N/A,#N/A,https://www.testcompany29.com,Education,#N/A,#N/A,#N/A,#N/A,#N/A,#N/A,#N/A,false,false,false,#N/A,false,false,#N/A,#N/A,#N/A,#N/A,#N/A
ae4cb59e-0167-46d9-b3f1-a374be0053ea,Test Account 077,Prospect,#N/A,#N/A,#N/A,#N/A,#N/A,#N/A,#N/A,#N/A,#N/A,#N/A,#N/A,#N/A,#N/A,#N/A,#N/A,#N/A,#N/A,(647) 358-2241,#N/A,#N/A,https://www.testcompany77.com,Healthcare,#N/A,#N/A,#N/A,#N/A,#N/A,#N/A,#N/A,false,false,false,#N/A,false,false,#N/A,#N/A,#N/A,#N/A,#N/A
afb2e88e-b338-4643-b951-ba36ec6591ff,Test Account 003,Customer - Channel,#N/A,#N/A,#N/A,#N/A,#N/A,#N/A,#N/A,#N/A,#N/A,#N/A,#N/A,#N/A,#N/A,#N/A,#N/A,#N/A,#N/A,(873) 789-9342,#N/A,#N/A,https://www.testcompany3.com,Energy,#N/A,#N/A,#N/A,#N/A,#N/A,#N/A,#N/A,false,false,false,#N/A,false,false,#N/A,#N/A,#N/A,#N/A,#N/A
b0b9df6e-710d-4ac6-84b6-00cfda209ba3,Test Account 088,Customer - Direct,#N/A,#N/A,#N/A,#N/A,#N/A,#N/A,#N/A,#N/A,#N/A,#N/A,#N/A,#N/A,#N/A,#N/A,#N/A,#N/A,#N/A,(791) 376-1273,#N/A,#N/A,https://www.testcompany88.com,Education,#N/A,#N/A,#N/A,#N/A,#N/A,#N/A,#N/A,false,false,false,#N/A,false,false,#N/A,#N/A,#N/A,#N/A,#N/A
b95e23fa-71f2-4049-9473-699eeef6ce90,Test Account 028,Customer - Direct,#N/A,#N/A,#N/A,#N/A,#N/A,#N/A,#N/A,#N/A,#N/A,#N/A,#N/A,#N/A,#N/A,#N/A,#N/A,#N/A,#N/A,(374) 660-8641,#N/A,#N/A,https://www.testcompany28.com,Finance,#N/A,#N/A,#N/A,#N/A,#N/A,#N/A,#N/A,false,false,false,#N/A,false,false,#N/A,#N/A,#N/A,#N/A,#N/A
bd5f4b9c-a227-4a30-b11b-ddd03618e485,salesforce.com,Customer,#N/A,"The Landmark @ One Market, Suite 300",San Francisco,CA,94105,USA,#N/A,#N/A,#N/A,"The Landmark @ One Market, Suite 300",San Francisco,CA,94105,USA,#N/A,#N/A,#N/A,(415) 901-7000-123,(415) 901-7040,#N/A,http://www.salesforce.com,Technology,#N/A,#N/A,#N/A,"Founded in March 1999, salesforce.com (http://www.salesforce.com) builds and delivers customer relationship management (CRM) applications as scalable online services. The salesforce.com product suite - Team Edition, Professional Edition, Enterprise Edition, Wireless Edition and Offline Edition - gives companies of all sizes a complete 360-degree view of the customer. The company's award-winning CRM solutions provide integrated online sales force automation, customer service and support management, and marketing automation applications to help companies meet the complex challenges of global customer communication. Salesforce.com has received considerable recognition in the industry, including Editors' Choice and two Five-Star ratings from PC Magazine, two Deploy Awards from InfoWorld, Red Herring 100, Upside Hot 100, Investor's Choice Award from Enterprise Outlook, Editors' Choice from TMCLabs, Top 10 CRM Implementation from Aberdeen Group, and InfoWorld's 2001 CRM Technology of the Year. Founded in 1999, salesforce.com is headquartered in San Francisco, with offices in Europe and Asia.",#N/A,#N/A,#N/A,false,false,false,#N/A,false,false,#N/A,#N/A,#N/A,#N/A,#N/A
bdf075f2-1bb4-40e5-82d8-97ca01461023,Test Account 097,Customer - Direct,#N/A,#N/A,#N/A,#N/A,#N/A,#N/A,#N/A,#N/A,#N/A,#N/A,#N/A,#N/A,#N/A,#N/A,#N/A,#N/A,#N/A,(443) 241-6711,#N/A,#N/A,https://www.testcompany97.com,Healthcare,#N/A,#N/A,#N/A,#N/A,#N/A,#N/A,#N/A,false,false,false,#N/A,false,false,#N/A,#N/A,#N/A,#N/A,#N/A
be68cd67-ef55-4cf1-8041-737bafc5b7a3,Test Account 081,Partner,#N/A,#N/A,#N/A,#N/A,#N/A,#N/A,#N/A,#N/A,#N/A,#N/A,#N/A,#N/A,#N/A,#N/A,#N/A,#N/A,#N/A,(954) 716-6253,#N/A,#N/A,https://www.testcompany81.com,Transportation,#N/A,#N/A,#N/A,#N/A,#N/A,#N/A,#N/A,false,false,false,#N/A,false,false,#N/A,#N/A,#N/A,#N/A,#N/A
bf838fef-586e-4d9d-9a27-ee5939608442,Test Account 095,Customer - Direct,#N/A,#N/A,#N/A,#N/A,#N/A,#N/A,#N/A,#N/A,#N/A,#N/A,#N/A,#N/A,#N/A,#N/A,#N/A,#N/A,#N/A,(742) 519-2788,#N/A,#N/A,https://www.testcompany95.com,Finance,#N/A,#N/A,#N/A,#N/A,#N/A,#N/A,#N/A,false,false,false,#N/A,false,false,#N/A,#N/A,#N/A,#N/A,#N/A
c3952ea0-212b-4171-b33d-fb1e4a6bc221,Test Account 067,Customer - Direct,#N/A,#N/A,#N/A,#N/A,#N/A,#N/A,#N/A,#N/A,#N/A,#N/A,#N/A,#N/A,#N/A,#N/A,#N/A,#N/A,#N/A,(227) 256-1775,#N/A,#N/A,https://www.testcompany67.com,Real Estate,#N/A,#N/A,#N/A,#N/A,#N/A,#N/A,#N/A,false,false,false,#N/A,false,false,#N/A,#N/A,#N/A,#N/A,#N/A
c6491927-e35d-440e-a834-6d81fdd2c1c4,Test Account 037,Partner,#N/A,#N/A,#N/A,#N/A,#N/A,#N/A,#N/A,#N/A,#N/A,#N/A,#N/A,#N/A,#N/A,#N/A,#N/A,#N/A,#N/A,(425) 450-1158,#N/A,#N/A,https://www.testcompany37.com,Retail,#N/A,#N/A,#N/A,#N/A,#N/A,#N/A,#N/A,false,false,false,#N/A,false,false,#N/A,#N/A,#N/A,#N/A,#N/A
c914d382-f039-4a4d-9411-350d00f70148,Test Account 055,Customer - Channel,#N/A,#N/A,#N/A,#N/A,#N/A,#N/A,#N/A,#N/A,#N/A,#N/A,#N/A,#N/A,#N/A,#N/A,#N/A,#N/A,#N/A,(193) 107-9102,#N/A,#N/A,https://www.testcompany55.com,Real Estate,#N/A,#N/A,#N/A,#N/A,#N/A,#N/A,#N/A,false,false,false,#N/A,false,false,#N/A,#N/A,#N/A,#N/A,#N/A
c9baae8d-babb-42fa-bb47-a84542a7024b,Test Account 099,Partner,#N/A,#N/A,#N/A,#N/A,#N/A,#N/A,#N/A,#N/A,#N/A,#N/A,#N/A,#N/A,#N/A,#N/A,#N/A,#N/A,#N/A,(324) 197-6751,#N/A,#N/A,https://www.testcompany99.com,Transportation,#N/A,#N/A,#N/A,#N/A,#N/A,#N/A,#N/A,false,false,false,#N/A,false,false,#N/A,#N/A,#N/A,#N/A,#N/A
ca8e4424-ad46-4912-97c6-f9e2e21611f1,Test Account 052,Prospect,#N/A,#N/A,#N/A,#N/A,#N/A,#N/A,#N/A,#N/A,#N/A,#N/A,#N/A,#N/A,#N/A,#N/A,#N/A,#N/A,#N/A,(676) 422-2263,#N/A,#N/A,https://www.testcompany52.com,Healthcare,#N/A,#N/A,#N/A,#N/A,#N/A,#N/A,#N/A,false,false,false,#N/A,false,false,#N/A,#N/A,#N/A,#N/A,#N/A
cb84979f-f1e4-4f84-98b1-c702fe608641,Test Account 059,Prospect,#N/A,#N/A,#N/A,#N/A,#N/A,#N/A,#N/A,#N/A,#N/A,#N/A,#N/A,#N/A,#N/A,#N/A,#N/A,#N/A,#N/A,(330) 214-3296,#N/A,#N/A,https://www.testcompany59.com,Manufacturing,#N/A,#N/A,#N/A,#N/A,#N/A,#N/A,#N/A,false,false,false,#N/A,false,false,#N/A,#N/A,#N/A,#N/A,#N/A
cc1c349d-8ff2-498b-8b20-56ad6f935748,Test Account 083,Prospect,#N/A,#N/A,#N/A,#N/A,#N/A,#N/A,#N/A,#N/A,#N/A,#N/A,#N/A,#N/A,#N/A,#N/A,#N/A,#N/A,#N/A,(674) 813-7598,#N/A,#N/A,https://www.testcompany83.com,Education,#N/A,#N/A,#N/A,#N/A,#N/A,#N/A,#N/A,false,false,false,#N/A,false,false,#N/A,#N/A,#N/A,#N/A,#N/A
ccc0a76c-a7fd-457d-ad1e-c2a4bfd460f4,Test Account 096,Prospect,#N/A,#N/A,#N/A,#N/A,#N/A,#N/A,#N/A,#N/A,#N/A,#N/A,#N/A,#N/A,#N/A,#N/A,#N/A,#N/A,#N/A,(915) 946-2728,#N/A,#N/A,https://www.testcompany96.com,Construction,#N/A,#N/A,#N/A,#N/A,#N/A,#N/A,#N/A,false,false,false,#N/A,false,false,#N/A,#N/A,#N/A,#N/A,#N/A
d1b954c7-3827-48d1-b554-3a89494c0a3d,Test Account 040,Partner,#N/A,#N/A,#N/A,#N/A,#N/A,#N/A,#N/A,#N/A,#N/A,#N/A,#N/A,#N/A,#N/A,#N/A,#N/A,#N/A,#N/A,(120) 881-9993,#N/A,#N/A,https://www.testcompany40.com,Transportation,#N/A,#N/A,#N/A,#N/A,#N/A,#N/A,#N/A,false,false,false,#N/A,false,false,#N/A,#N/A,#N/A,#N/A,#N/A
d20fd1aa-9d9a-4a8b-b081-35c3b9adcdbf,Test Account 068,Prospect,#N/A,#N/A,#N/A,#N/A,#N/A,#N/A,#N/A,#N/A,#N/A,#N/A,#N/A,#N/A,#N/A,#N/A,#N/A,#N/A,#N/A,(797) 995-6957,#N/A,#N/A,https://www.testcompany68.com,Manufacturing,#N/A,#N/A,#N/A,#N/A,#N/A,#N/A,#N/A,false,false,false,#N/A,false,false,#N/A,#N/A,#N/A,#N/A,#N/A
d4381993-4e95-42cc-875f-c90531dd8cc1,Test Account 004,Customer - Channel,#N/A,#N/A,#N/A,#N/A,#N/A,#N/A,#N/A,#N/A,#N/A,#N/A,#N/A,#N/A,#N/A,#N/A,#N/A,#N/A,#N/A,(171) 139-1051,#N/A,#N/A,https://www.testcompany4.com,Healthcare,#N/A,#N/A,#N/A,#N/A,#N/A,#N/A,#N/A,false,false,false,#N/A,false,false,#N/A,#N/A,#N/A,#N/A,#N/A
d6b6b0ba-a10b-4039-bf77-da1f536a0a61,quick-preview-2-3,#N/A,#N/A,#N/A,#N/A,#N/A,#N/A,#N/A,#N/A,#N/A,#N/A,#N/A,#N/A,#N/A,#N/A,#N/A,#N/A,#N/A,#N/A,#N/A,#N/A,#N/A,#N/A,#N/A,#N/A,#N/A,#N/A,#N/A,#N/A,#N/A,#N/A,false,false,false,Never,false,true,#N/A,#N/A,Same,No,#N/A
db2117b8-a16e-46b1-9724-09c463e9995a,Test Account 001,Customer - Direct,#N/A,#N/A,#N/A,#N/A,#N/A,#N/A,#N/A,#N/A,#N/A,#N/A,#N/A,#N/A,#N/A,#N/A,#N/A,#N/A,#N/A,(144) 105-5983,#N/A,#N/A,https://www.testcompany1.com,Education,#N/A,#N/A,#N/A,#N/A,#N/A,#N/A,#N/A,false,false,false,#N/A,false,false,#N/A,#N/A,#N/A,#N/A,#N/A
dbb0f109-f21b-4499-be5f-866e7a9f5032,quick-preview-1-2,#N/A,#N/A,#N/A,#N/A,#N/A,#N/A,#N/A,#N/A,#N/A,#N/A,#N/A,#N/A,#N/A,#N/A,#N/A,#N/A,#N/A,#N/A,#N/A,#N/A,#N/A,#N/A,#N/A,#N/A,#N/A,#N/A,#N/A,#N/A,#N/A,#N/A,false,false,false,Never,false,true,#N/A,#N/A,Same,No,#N/A
e4319c1c-043d-4380-8cfd-a2681e3fd0be,Test Account 063,Partner,#N/A,#N/A,#N/A,#N/A,#N/A,#N/A,#N/A,#N/A,#N/A,#N/A,#N/A,#N/A,#N/A,#N/A,#N/A,#N/A,#N/A,(573) 539-1138,#N/A,#N/A,https://www.testcompany63.com,Retail,#N/A,#N/A,#N/A,#N/A,#N/A,#N/A,#N/A,false,false,false,#N/A,false,false,#N/A,#N/A,#N/A,#N/A,#N/A
e669c0d5-0b7b-4bcf-b0aa-f32ed6328530,Test Account 041,Partner,#N/A,#N/A,#N/A,#N/A,#N/A,#N/A,#N/A,#N/A,#N/A,#N/A,#N/A,#N/A,#N/A,#N/A,#N/A,#N/A,#N/A,(796) 959-4769,#N/A,#N/A,https://www.testcompany41.com,Education,#N/A,#N/A,#N/A,#N/A,#N/A,#N/A,#N/A,false,false,false,#N/A,false,false,#N/A,#N/A,#N/A,#N/A,#N/A
e79d7769-7027-4e9d-b840-a18d81ddf34a,Test Account 030,Partner,#N/A,#N/A,#N/A,#N/A,#N/A,#N/A,#N/A,#N/A,#N/A,#N/A,#N/A,#N/A,#N/A,#N/A,#N/A,#N/A,#N/A,(598) 929-2289,#N/A,#N/A,https://www.testcompany30.com,Manufacturing,#N/A,#N/A,#N/A,#N/A,#N/A,#N/A,#N/A,false,false,false,#N/A,false,false,#N/A,#N/A,#N/A,#N/A,#N/A
e879e97e-ff06-4c8b-be27-8a486c8e6bee,Test Account 057,Prospect,#N/A,#N/A,#N/A,#N/A,#N/A,#N/A,#N/A,#N/A,#N/A,#N/A,#N/A,#N/A,#N/A,#N/A,#N/A,#N/A,#N/A,(886) 632-9858,#N/A,#N/A,https://www.testcompany57.com,Technology,#N/A,#N/A,#N/A,#N/A,#N/A,#N/A,#N/A,false,false,false,#N/A,false,false,#N/A,#N/A,#N/A,#N/A,#N/A
e8abd0e5-434d-4621-bc45-6dda3f5e077f,Test Account 089,Customer - Channel,#N/A,#N/A,#N/A,#N/A,#N/A,#N/A,#N/A,#N/A,#N/A,#N/A,#N/A,#N/A,#N/A,#N/A,#N/A,#N/A,#N/A,(249) 241-8750,#N/A,#N/A,https://www.testcompany89.com,Transportation,#N/A,#N/A,#N/A,#N/A,#N/A,#N/A,#N/A,false,false,false,#N/A,false,false,#N/A,#N/A,#N/A,#N/A,#N/A
e9fce055-50dc-4028-8b23-126465afff41,Test Account 082,Partner,#N/A,#N/A,#N/A,#N/A,#N/A,#N/A,#N/A,#N/A,#N/A,#N/A,#N/A,#N/A,#N/A,#N/A,#N/A,#N/A,#N/A,(540) 793-6760,#N/A,#N/A,https://www.testcompany82.com,Finance,#N/A,#N/A,#N/A,#N/A,#N/A,#N/A,#N/A,false,false,false,#N/A,false,false,#N/A,#N/A,#N/A,#N/A,#N/A
eb610214-8af0-4c16-9712-cb5dddd21344,Test Account 075,Partner,#N/A,#N/A,#N/A,#N/A,#N/A,#N/A,#N/A,#N/A,#N/A,#N/A,#N/A,#N/A,#N/A,#N/A,#N/A,#N/A,#N/A,(166) 632-6934,#N/A,#N/A,https://www.testcompany75.com,Healthcare,#N/A,#N/A,#N/A,#N/A,#N/A,#N/A,#N/A,false,false,false,#N/A,false,false,#N/A,#N/A,#N/A,#N/A,#N/A
eef66cf3-0b37-4236-91ae-9699ccda403e,Test Account 069,Prospect,#N/A,#N/A,#N/A,#N/A,#N/A,#N/A,#N/A,#N/A,#N/A,#N/A,#N/A,#N/A,#N/A,#N/A,#N/A,#N/A,#N/A,(939) 991-4670,#N/A,#N/A,https://www.testcompany69.com,Construction,#N/A,#N/A,#N/A,#N/A,#N/A,#N/A,#N/A,false,false,false,#N/A,false,false,#N/A,#N/A,#N/A,#N/A,#N/A
f38539b7-7527-4efb-b7eb-47c91a9997eb,Test Account 024,Customer - Channel,#N/A,#N/A,#N/A,#N/A,#N/A,#N/A,#N/A,#N/A,#N/A,#N/A,#N/A,#N/A,#N/A,#N/A,#N/A,#N/A,#N/A,(208) 646-6382,#N/A,#N/A,https://www.testcompany24.com,Manufacturing,#N/A,#N/A,#N/A,#N/A,#N/A,#N/A,#N/A,false,false,false,#N/A,false,false,#N/A,#N/A,#N/A,#N/A,#N/A
f433aa07-0287-4a2c-87ad-700adaf2e5aa,Test Account 017,Customer - Direct,#N/A,#N/A,#N/A,#N/A,#N/A,#N/A,#N/A,#N/A,#N/A,#N/A,#N/A,#N/A,#N/A,#N/A,#N/A,#N/A,#N/A,(778) 639-1290,#N/A,#N/A,https://www.testcompany17.com,Healthcare,#N/A,#N/A,#N/A,#N/A,#N/A,#N/A,#N/A,false,false,false,#N/A,false,false,#N/A,#N/A,#N/A,#N/A,#N/A
f7065b16-36bb-47a9-bb1c-1f644d414fec,Test Account 031,Customer - Direct,#N/A,#N/A,#N/A,#N/A,#N/A,#N/A,#N/A,#N/A,#N/A,#N/A,#N/A,#N/A,#N/A,#N/A,#N/A,#N/A,#N/A,(754) 823-4818,#N/A,#N/A,https://www.testcompany31.com,Transportation,#N/A,#N/A,#N/A,#N/A,#N/A,#N/A,#N/A,false,false,false,#N/A,false,false,#N/A,#N/A,#N/A,#N/A,#N/A
f780c567-9440-442b-b01b-a611732f6224,Test Account 093,Customer - Direct,#N/A,#N/A,#N/A,#N/A,#N/A,#N/A,#N/A,#N/A,#N/A,#N/A,#N/A,#N/A,#N/A,#N/A,#N/A,#N/A,#N/A,(502) 673-4039,#N/A,#N/A,https://www.testcompany93.com,Education,#N/A,#N/A,#N/A,#N/A,#N/A,#N/A,#N/A,false,false,false,#N/A,false,false,#N/A,#N/A,#N/A,#N/A,#N/A
fa9167fc-6212-44a1-9dd4-f5cb18b29559,Test Account 048,Customer - Channel,#N/A,#N/A,#N/A,#N/A,#N/A,#N/A,#N/A,#N/A,#N/A,#N/A,#N/A,#N/A,#N/A,#N/A,#N/A,#N/A,#N/A,(193) 273-1688,#N/A,#N/A,https://www.testcompany48.com,Retail,#N/A,#N/A,#N/A,#N/A,#N/A,#N/A,#N/A,false,false,false,#N/A,false,false,#N/A,#N/A,#N/A,#N/A,#N/A
facd0d17-b877-4f7d-ab13-d214ed46243e,Test Account 666,#N/A,#N/A,#N/A,#N/A,#N/A,#N/A,#N/A,#N/A,#N/A,#N/A,#N/A,#N/A,#N/A,#N/A,#N/A,#N/A,#N/A,#N/A,123-456-789-12345,#N/A,#N/A,#N/A,#N/A,#N/A,#N/A,#N/A,#N/A,#N/A,#N/A,#N/A,false,false,false,Never,false,true,#N/A,#N/A,Same,No,#N/A
fc0f8e57-cf15-4cf9-afcc-cef0925178e0,acc-123-456,#N/A,#N/A,#N/A,#N/A,#N/A,#N/A,#N/A,#N/A,#N/A,#N/A,#N/A,#N/A,#N/A,#N/A,#N/A,#N/A,#N/A,#N/A,123-456-789-012,#N/A,#N/A,#N/A,#N/A,#N/A,#N/A,#N/A,#N/A,#N/A,#N/A,#N/A,false,false,false,Never,false,true,#N/A,#N/A,Same,No,#N/A
fee0f359-0512-410b-81b5-ada20b93e6c9,Test Account 007,Customer - Channel,#N/A,#N/A,#N/A,#N/A,#N/A,#N/A,#N/A,#N/A,#N/A,#N/A,#N/A,#N/A,#N/A,#N/A,#N/A,#N/A,#N/A,(312) 666-5106,#N/A,#N/A,https://www.testcompany7.com,Healthcare,#N/A,#N/A,#N/A,#N/A,#N/A,#N/A,#N/A,false,false,false,#N/A,false,false,#N/A,#N/A,#N/A,#N/A,#N/A
